lon,lat,month,id,sex
-66.95489447,-53.97590106,3,3482,F
-66.07697884,-53.95610855,3,3482,F
-65.94745554,-54.01239999,3,3482,F
-65.60210019,-54.14889933,3,3482,F
-65.76050239,-53.85300044,3,3482,F
-66.14029891,-53.86739995,3,3482,F
-65.98644563,-53.45209038,3,3482,F
-63.39504321,-51.58980827,3,3482,F
-63.57583769,-51.52959997,3,3482,F
-64.15051417,-51.41820598,3,3482,F
-64.73261034,-51.70179934,3,3482,F
-65.15246013,-51.81860084,3,3482,F
-66.08708298,-51.5789004,3,3482,F
-64.86906122,-51.94070006,3,3482,F
-65.28106029,-52.00209985,3,3482,F
-65.98945647,-51.83799979,3,3482,F
-66.06135417,-51.95089968,3,3482,F
-65.94729914,-51.69440823,3,3482,F
-65.73656695,-51.5581054,3,3482,F
-67.83424292,-52.88998175,4,3482,F
-67.69460284,-52.64730867,4,3482,F
-67.37742805,-52.76407878,4,3482,F
-67.02782532,-52.53040616,4,3482,F
-66.98298779,-52.52920784,4,3482,F
-66.83333917,-52.6178384,4,3482,F
-66.07759576,-52.93399471,4,3482,F
-66.77388456,-53.25000099,4,3482,F
-67.09611746,-52.96476089,4,3482,F
-67.00999041,-52.87910725,4,3482,F
-67.32133372,-53.0170931,4,3482,F
-66.57745717,-52.6617875,4,3482,F
-66.26181438,-53.0532797,4,3482,F
-68.23434784,-56.27314126,4,3482,F
-67.06812097,-55.57105958,5,3482,F
-66.87754441,-55.22194557,5,3482,F
-67.4720225,-55.32726371,5,3482,F
-67.38878199,-55.31182182,5,3482,F
-68.03158653,-55.29906836,5,3482,F
-67.83120472,-55.33012936,5,3482,F
-67.48373362,-55.30612525,5,3482,F
-68.01658224,-55.28423056,5,3482,F
-67.81260873,-55.28919558,5,3482,F
-67.18685527,-55.34486426,5,3482,F
-66.88440977,-55.39749348,5,3482,F
-67.18591076,-55.32947523,5,3482,F
-66.81186346,-55.06741676,5,3482,F
-67.02156493,-55.32548433,5,3482,F
-67.44672388,-55.30895946,5,3482,F
-67.36967234,-55.33958815,5,3482,F
-66.36567337,-55.69649088,5,3482,F
-66.18250159,-55.16838874,5,3482,F
-65.94683893,-54.87518042,5,3482,F
-66.49314574,-55.17418623,5,3482,F
-66.165634,-54.16282092,5,3482,F
-66.16286852,-55.09047636,5,3482,F
-65.22665555,-55.93594651,5,3482,F
-65.22815594,-56.16113475,5,3482,F
-64.94510853,-55.85636187,5,3482,F
-64.64094691,-55.83752362,5,3482,F
-65.30737767,-55.97330361,5,3482,F
-65.09340561,-56.12472859,5,3482,F
-64.82842248,-55.88929968,5,3482,F
-65.369089,-55.88833313,5,3482,F
-65.56192123,-56.11781955,5,3482,F
-65.64558085,-56.00212923,5,3482,F
-65.50328221,-55.76699857,5,3482,F
-66.36010626,-56.44238615,5,3482,F
-66.82707542,-56.33275286,5,3482,F
-66.38067,-56.18747563,5,3482,F
-66.81959392,-55.25850568,5,3482,F
-66.18591148,-54.17807774,5,3482,F
-65.37245795,-55.39310824,5,3482,F
-64.78900082,-55.17644955,5,3482,F
-62.54615287,-55.75561621,6,3482,F
-62.38735251,-55.77853225,6,3482,F
-62.07875932,-55.92985893,6,3482,F
-62.45815379,-55.83176605,6,3482,F
-62.95769556,-55.53663613,6,3482,F
-66.93759018,-53.55880285,6,3482,F
-66.75983829,-53.46529856,6,3482,F
-68.0882966,-53.3466439,6,3482,F
-63.26601594,-55.47931539,6,3482,F
-62.33524136,-55.34201262,6,3482,F
-62.4522048,-55.83030314,6,3482,F
-64.81514388,-56.1151571,7,3482,F
-64.90520752,-56.26413655,7,3482,F
-64.61518847,-52.57783999,8,3482,F
-67.11009471,-53.09600092,8,3482,F
-66.66262247,-52.98165835,8,3482,F
-66.90158809,-53.18823627,8,3482,F
-67.03022778,-53.14348008,8,3482,F
-66.81922123,-53.37482493,8,3482,F
-66.64859787,-53.09302639,8,3482,F
-66.27999118,-53.21497169,8,3482,F
-64.58586081,-52.50342162,9,3482,F
-65.44966443,-52.30817086,9,3482,F
-65.65751325,-52.16399315,9,3482,F
-62.63976188,-55.93854959,9,3482,F
-66.72294082,-53.88640043,9,3482,F
-65.51254447,-51.74359978,3,3488,F
-65.39699119,-52.11559635,3,3488,F
-64.45081416,-52.24709721,3,3488,F
-64.12922161,-51.20479927,3,3488,F
-63.8029214,-51.17819522,3,3488,F
-64.65061644,-50.78700062,3,3488,F
-65.25016967,-51.11660009,3,3488,F
-64.64079673,-50.84179993,3,3488,F
-64.85608817,-50.87789992,3,3488,F
-64.12643273,-50.7724081,3,3488,F
-64.64219193,-53.32244292,4,3488,F
-64.75975145,-53.16198034,4,3488,F
-64.74214629,-53.16856144,4,3488,F
-64.81129115,-53.16545861,4,3488,F
-65.28825917,-53.19578124,4,3488,F
-65.08911019,-53.28330425,4,3488,F
-66.20064742,-53.47752141,4,3488,F
-66.58134137,-53.47496148,4,3488,F
-66.98157725,-53.21501608,4,3488,F
-65.78920344,-53.1202532,4,3488,F
-65.80581766,-53.16390974,4,3488,F
-65.83690216,-53.13237382,4,3488,F
-65.81512634,-52.87758235,4,3488,F
-66.6931347,-52.93140944,4,3488,F
-66.29371394,-53.41623267,4,3488,F
-66.26496874,-53.34399784,4,3488,F
-66.1423901,-53.53985969,4,3488,F
-66.55284715,-53.26889214,4,3488,F
-66.75837211,-53.37802708,4,3488,F
-66.95893793,-53.42687986,4,3488,F
-66.81818179,-53.09949629,4,3488,F
-67.57629716,-52.8338916,4,3488,F
-67.49703257,-52.86545738,4,3488,F
-67.55554251,-52.93126177,4,3488,F
-67.45409479,-52.8168405,4,3488,F
-67.15865943,-52.73672069,4,3488,F
-67.72233525,-52.58678497,4,3488,F
-67.74764813,-52.70274027,4,3488,F
-67.12666393,-52.77428823,4,3488,F
-67.67962024,-52.78646662,4,3488,F
-67.6213067,-52.58793619,4,3488,F
-67.55434939,-52.68232906,4,3488,F
-67.62254085,-52.80502326,4,3488,F
-67.6561396,-52.62287926,4,3488,F
-67.66799609,-52.42565074,4,3488,F
-67.92428652,-52.53389823,4,3488,F
-67.54335895,-52.45595001,4,3488,F
-67.66669429,-52.55436697,4,3488,F
-67.74643811,-52.4959046,4,3488,F
-67.54762536,-52.58103164,4,3488,F
-67.23539467,-52.12307727,4,3488,F
-67.15415689,-52.02218041,4,3488,F
-67.1531723,-52.08677203,4,3488,F
-67.09375136,-49.90788575,4,3488,F
-65.61109818,-48.29681122,4,3488,F
-65.69795838,-48.43171614,5,3488,F
-65.8073508,-48.74975195,5,3488,F
-65.71020411,-48.76184829,5,3488,F
-65.53338211,-48.89120229,5,3488,F
-65.58223799,-48.74436464,5,3488,F
-65.59435303,-48.94304635,5,3488,F
-65.50454148,-48.82021431,5,3488,F
-65.46094135,-48.8081677,5,3488,F
-64.60285587,-49.49752085,5,3488,F
-64.86496919,-49.69665076,5,3488,F
-65.19211937,-49.77474319,5,3488,F
-64.74843467,-49.96115412,5,3488,F
-64.70033149,-49.57276871,5,3488,F
-64.82877686,-49.65331758,5,3488,F
-64.83769558,-49.57409699,5,3488,F
-65.04086103,-49.58062506,5,3488,F
-64.61131065,-49.59964169,5,3488,F
-64.49205611,-49.49354932,5,3488,F
-63.62566632,-49.94720422,5,3488,F
-62.72395037,-49.44192005,5,3488,F
-62.58383124,-49.42075778,5,3488,F
-62.55624209,-49.55386692,5,3488,F
-62.34060986,-49.32531005,5,3488,F
-61.64108921,-49.17548244,5,3488,F
-62.96334575,-49.30930204,5,3488,F
-62.8437077,-49.49210795,5,3488,F
-62.90343792,-49.33304686,5,3488,F
-62.97823386,-49.24783951,5,3488,F
-63.07885727,-49.50874921,5,3488,F
-62.98519112,-49.47327641,5,3488,F
-62.09451152,-49.27561972,5,3488,F
-61.61633767,-49.32689423,5,3488,F
-62.19185773,-49.07752005,5,3488,F
-62.05694151,-49.01875773,5,3488,F
-62.5096327,-48.82634578,5,3488,F
-62.51411662,-49.00045962,5,3488,F
-62.44325706,-48.80950848,5,3488,F
-62.38391574,-48.71770642,5,3488,F
-62.60944201,-48.85083335,5,3488,F
-62.66588071,-48.69785772,5,3488,F
-62.40579877,-48.69613553,5,3488,F
-62.12776506,-48.57339581,5,3488,F
-61.96452898,-48.08798703,5,3488,F
-61.88882223,-48.35326357,5,3488,F
-61.94211014,-48.20477924,5,3488,F
-62.07539865,-48.17688132,5,3488,F
-62.02869353,-48.12699853,5,3488,F
-62.00912957,-48.24398349,5,3488,F
-61.99831269,-48.22020606,5,3488,F
-62.08428767,-48.14838151,5,3488,F
-62.27004456,-48.36200043,5,3488,F
-62.21776357,-48.19038842,5,3488,F
-62.23518795,-47.73877439,5,3488,F
-62.48450702,-47.5325856,5,3488,F
-62.42367871,-46.71902006,5,3488,F
-62.29153829,-46.64407756,5,3488,F
-62.35513643,-46.81452529,5,3488,F
-62.46563405,-46.63953692,5,3488,F
-61.75593081,-47.12310143,5,3488,F
-61.55186178,-46.83068166,5,3488,F
-61.55092099,-47.36187687,5,3488,F
-61.8681051,-47.75727528,5,3488,F
-61.84247143,-47.57069665,6,3488,F
-62.01660228,-47.57461403,6,3488,F
-62.41354906,-47.37402058,6,3488,F
-62.4959122,-47.29549879,6,3488,F
-62.58743704,-46.90508663,6,3488,F
-63.2421674,-46.81041255,6,3488,F
-63.08310217,-46.64627592,6,3488,F
-62.75695092,-46.67857734,6,3488,F
-63.10041461,-46.83153342,6,3488,F
-62.79652809,-46.74919052,6,3488,F
-62.78418096,-46.8763178,6,3488,F
-62.61287506,-46.66837797,6,3488,F
-63.98048415,-46.28109486,6,3488,F
-64.67692983,-46.07709782,6,3488,F
-64.33695208,-45.95517327,6,3488,F
-64.15412014,-45.83475617,6,3488,F
-64.48249213,-45.90883078,6,3488,F
-64.52806076,-45.99181294,6,3488,F
-64.32485623,-46.10521671,6,3488,F
-64.65676103,-45.85105042,6,3488,F
-64.32095266,-46.22570922,6,3488,F
-65.12746333,-46.09866311,6,3488,F
-65.00631891,-46.04686992,6,3488,F
-64.85440964,-44.8526196,6,3488,F
-64.32889477,-44.29221297,6,3488,F
-64.25164216,-43.58676016,6,3488,F
-64.35882795,-43.46474728,6,3488,F
-63.93112293,-43.82732482,6,3488,F
-63.62877234,-43.55346832,6,3488,F
-63.8635958,-44.11764128,6,3488,F
-63.52342137,-44.34933101,6,3488,F
-63.47732722,-44.32947322,6,3488,F
-63.530879,-44.42280383,6,3488,F
-63.43442591,-44.26208477,6,3488,F
-63.49320361,-44.31566192,6,3488,F
-63.13803506,-44.06842919,6,3488,F
-63.13417318,-44.35496167,6,3488,F
-63.07219195,-44.28147365,6,3488,F
-63.4040611,-44.19045712,6,3488,F
-63.29196444,-43.92469236,6,3488,F
-63.65426697,-43.96135672,6,3488,F
-63.57403841,-44.1030578,6,3488,F
-63.59890846,-43.90918259,6,3488,F
-63.60095453,-44.02060421,6,3488,F
-63.23841114,-44.07279313,6,3488,F
-63.14291705,-44.12498707,6,3488,F
-62.76021353,-43.84304172,6,3488,F
-62.68188996,-43.97041229,6,3488,F
-62.50852583,-43.68703069,6,3488,F
-62.77165774,-43.72670899,6,3488,F
-62.51238774,-43.94815787,6,3488,F
-62.45902182,-44.03050423,6,3488,F
-62.37354925,-43.82938893,6,3488,F
-62.60373782,-44.02750195,6,3488,F
-61.98286966,-43.89101299,6,3488,F
-62.25811147,-44.00100712,6,3488,F
-62.17966764,-43.82730832,6,3488,F
-62.24099583,-43.81582247,7,3488,F
-62.11517787,-43.64715937,7,3488,F
-62.18867006,-43.78347326,7,3488,F
-61.97714722,-43.6846932,7,3488,F
-62.26120032,-43.1960434,7,3488,F
-62.51272348,-43.18943469,7,3488,F
-62.36802046,-43.37676658,7,3488,F
-62.19739584,-43.44234932,7,3488,F
-62.07951306,-43.50636672,7,3488,F
-62.09289268,-43.47223286,7,3488,F
-62.17027449,-43.40271141,7,3488,F
-61.99945823,-43.39773693,7,3488,F
-62.12350852,-43.49663845,7,3488,F
-62.00261927,-43.39249245,7,3488,F
-61.88920418,-43.31166573,7,3488,F
-62.01251923,-43.48938972,7,3488,F
-62.29464636,-42.93901756,7,3488,F
-62.39950869,-42.67879238,7,3488,F
-62.43281305,-42.67540818,7,3488,F
-62.44269235,-42.71834098,7,3488,F
-62.25416198,-42.65526675,7,3488,F
-62.16765129,-42.47487383,7,3488,F
-62.24653277,-42.66083729,7,3488,F
-62.04843059,-42.50270348,7,3488,F
-62.11364992,-42.54399713,7,3488,F
-62.06179242,-42.48205349,7,3488,F
-61.9025714,-42.60331378,7,3488,F
-62.04032302,-42.69859028,7,3488,F
-61.93877302,-42.84425599,7,3488,F
-61.96551691,-42.92849512,7,3488,F
-61.84060428,-42.85944972,7,3488,F
-61.85589667,-42.79686424,7,3488,F
-61.81367621,-42.90989591,7,3488,F
-61.88067307,-42.80772377,7,3488,F
-61.81763616,-42.94221597,7,3488,F
-61.71422891,-42.88329117,7,3488,F
-61.96271352,-42.96376397,7,3488,F
-61.7750268,-42.89286903,7,3488,F
-61.45077582,-42.72516533,7,3488,F
-61.31984261,-42.55801694,7,3488,F
-61.7764083,-43.24181534,7,3488,F
-62.17305532,-43.32778606,7,3488,F
-61.95819237,-43.44319671,7,3488,F
-61.68272878,-43.79009612,7,3488,F
-61.8055318,-43.75676957,7,3488,F
-61.89141989,-43.73771987,7,3488,F
-61.96149557,-43.87549338,7,3488,F
-61.73033036,-43.84052838,7,3488,F
-61.72821285,-43.69180817,7,3488,F
-61.78149278,-43.76890858,7,3488,F
-61.69910805,-44.01839774,7,3488,F
-61.79822389,-43.99023504,7,3488,F
-61.52794019,-43.87033662,7,3488,F
-61.53946523,-43.92702565,7,3488,F
-61.5472217,-43.56020424,7,3488,F
-61.99889823,-43.95889948,7,3488,F
-62.02274948,-43.66802428,7,3488,F
-62.21723636,-43.45476956,7,3488,F
-61.8428359,-43.65798914,7,3488,F
-61.85782114,-43.62853337,7,3488,F
-61.91917315,-43.76572684,7,3488,F
-61.5907937,-43.62616628,7,3488,F
-61.8717505,-43.88122405,8,3488,F
-61.61578856,-43.83481659,8,3488,F
-61.6987727,-44.06604321,8,3488,F
-61.53245026,-44.36605939,8,3488,F
-61.50670292,-44.59063071,8,3488,F
-61.76000292,-44.84883557,8,3488,F
-61.69563341,-44.67933194,8,3488,F
-61.61510878,-44.58557397,8,3488,F
-61.76497514,-44.63020088,8,3488,F
-61.75046622,-44.74629455,8,3488,F
-61.76847087,-44.83562567,8,3488,F
-61.70701801,-44.85455173,8,3488,F
-61.63786175,-44.66054244,8,3488,F
-61.50565106,-44.67642774,8,3488,F
-61.55454283,-44.89158611,8,3488,F
-61.68501429,-44.89620204,8,3488,F
-61.41250984,-44.8567351,8,3488,F
-61.60964418,-44.76371748,8,3488,F
-61.43883167,-44.80637734,8,3488,F
-61.54710384,-44.74928418,8,3488,F
-61.23780783,-44.90005499,8,3488,F
-61.32584257,-44.79378317,8,3488,F
-61.47825474,-44.87442613,8,3488,F
-61.38462229,-45.00870467,8,3488,F
-61.53081796,-45.14899015,8,3488,F
-61.82086274,-44.90215928,8,3488,F
-61.67596742,-45.17540532,8,3488,F
-62.02223373,-45.18247534,8,3488,F
-61.94999955,-45.20390309,8,3488,F
-61.74368046,-45.02057262,8,3488,F
-61.81980784,-44.95594737,8,3488,F
-61.74126775,-44.85942517,8,3488,F
-61.75096475,-45.10230603,8,3488,F
-61.58536713,-45.31759798,8,3488,F
-61.70873509,-45.21540057,8,3488,F
-61.82079511,-45.47777981,8,3488,F
-62.21996815,-45.13710045,8,3488,F
-61.98216412,-45.05997517,8,3488,F
-61.91825605,-45.33136833,8,3488,F
-62.0883398,-45.10256499,8,3488,F
-61.91163853,-45.2349741,8,3488,F
-62.4980562,-45.51802135,8,3488,F
-62.22948779,-45.30468156,8,3488,F
-62.22169714,-45.21039343,8,3488,F
-62.06016822,-45.52237419,8,3488,F
-61.99241517,-45.07663969,8,3488,F
-62.12158446,-45.46416547,8,3488,F
-62.64155979,-45.44858766,8,3488,F
-62.49145201,-45.2506989,8,3488,F
-62.40599555,-45.71260821,8,3488,F
-62.5177545,-45.44814524,8,3488,F
-63.11948078,-45.79542606,8,3488,F
-62.65149606,-44.98652345,8,3488,F
-63.0059328,-45.83093707,8,3488,F
-62.60558593,-46.02306252,8,3488,F
-62.98430651,-46.32210361,8,3488,F
-64.14347263,-47.76608782,8,3488,F
-64.77846794,-48.54369954,8,3488,F
-64.93099849,-48.74309837,8,3488,F
-65.4079989,-49.22837824,8,3488,F
-65.38664358,-49.08899314,8,3488,F
-65.30544947,-49.42375223,8,3488,F
-65.45541815,-49.18485329,9,3488,F
-65.97668608,-49.43400213,9,3488,F
-65.81441293,-49.57878612,9,3488,F
-65.94267993,-49.7735045,9,3488,F
-65.58786962,-49.48550432,9,3488,F
-65.62121364,-49.3941211,9,3488,F
-65.80599319,-49.663961,9,3488,F
-65.73859268,-49.42251637,9,3488,F
-65.51218808,-49.54128703,9,3488,F
-65.6267993,-49.46729075,9,3488,F
-65.90592945,-49.54602586,9,3488,F
-65.80216033,-49.6831987,9,3488,F
-65.75369516,-49.95458663,9,3488,F
-66.09943265,-49.2978817,9,3488,F
-65.86403443,-49.7019763,9,3488,F
-66.12137712,-49.3395514,9,3488,F
-63.66643818,-56.08317382,9,3488,F
-63.54504902,-56.01071198,9,3488,F
-65.12835221,-51.14329903,3,3494,F
-63.34000662,-50.13339807,3,3494,F
-64.08419364,-51.14389621,3,3494,F
-64.10327894,-46.99280286,3,3494,F
-64.78298936,-54.13247991,4,3494,F
-64.89315414,-54.36690108,4,3494,F
-64.72660536,-54.53792087,4,3494,F
-64.68065722,-54.494848,4,3494,F
-64.98395182,-54.62431687,4,3494,F
-64.9116502,-54.6258776,4,3494,F
-64.74738769,-54.39024125,4,3494,F
-65.49734017,-54.52188807,4,3494,F
-66.39935358,-54.36666207,4,3494,F
-66.66590423,-53.93932953,4,3494,F
-65.55515053,-53.70311528,4,3494,F
-65.69005437,-53.89257453,4,3494,F
-65.50220639,-53.78837296,4,3494,F
-66.0786575,-53.99212731,4,3494,F
-66.17652507,-53.50668034,4,3494,F
-66.03694439,-53.48525412,4,3494,F
-66.01515722,-53.72785884,4,3494,F
-65.79638604,-53.47707061,4,3494,F
-66.17363245,-53.80143583,4,3494,F
-66.48236733,-53.61520626,4,3494,F
-66.69291394,-53.58001691,4,3494,F
-67.15694968,-53.52753234,4,3494,F
-67.4604938,-53.34250662,4,3494,F
-67.53073955,-53.29637115,4,3494,F
-67.47860533,-53.0427236,4,3494,F
-67.76661701,-53.26034715,4,3494,F
-67.18159498,-53.16626733,4,3494,F
-66.6037376,-53.77352096,4,3494,F
-67.1414474,-53.71782746,4,3494,F
-67.01717378,-53.54518846,4,3494,F
-67.21820434,-53.27041973,4,3494,F
-67.18850169,-53.54473218,4,3494,F
-67.18377636,-53.47447872,4,3494,F
-67.71108596,-53.24787327,4,3494,F
-67.32424622,-53.26015589,4,3494,F
-67.33540749,-53.14943748,4,3494,F
-67.57329201,-53.15102415,4,3494,F
-67.27820396,-53.15338855,4,3494,F
-67.15172805,-52.96490422,4,3494,F
-67.00253448,-53.44807945,4,3494,F
-67.03406111,-52.95190675,4,3494,F
-67.03899008,-53.2467779,4,3494,F
-67.13195491,-50.79254791,4,3494,F
-66.71504779,-49.53843898,4,3494,F
-65.84993935,-48.92082533,5,3494,F
-66.17878554,-49.06366284,5,3494,F
-65.96374192,-49.15610768,5,3494,F
-66.02806383,-49.20046928,5,3494,F
-65.95248381,-49.06037115,5,3494,F
-65.76756494,-49.2329566,5,3494,F
-65.71627748,-49.2668669,5,3494,F
-65.64718499,-49.20163594,5,3494,F
-64.96820219,-49.8553795,5,3494,F
-64.88762145,-49.88056894,5,3494,F
-65.05686275,-49.92536786,5,3494,F
-64.77368751,-49.86607354,5,3494,F
-65.02817921,-49.95356233,5,3494,F
-64.96611909,-49.74336836,5,3494,F
-65.02560747,-49.52355991,5,3494,F
-64.94174296,-49.69802839,5,3494,F
-64.58436105,-49.8226346,5,3494,F
-64.84018917,-50.35894019,5,3494,F
-63.75252308,-49.92370833,5,3494,F
-62.59847018,-49.70950218,5,3494,F
-62.42468099,-49.48426712,5,3494,F
-62.53284189,-49.42156541,5,3494,F
-62.15047739,-49.50442314,5,3494,F
-61.72513743,-48.96107667,5,3494,F
-62.77080342,-49.16566809,5,3494,F
-62.95646265,-49.04036821,5,3494,F
-62.98393277,-49.137627,5,3494,F
-62.84961899,-49.02959291,5,3494,F
-62.89929771,-49.08424923,5,3494,F
-62.74186792,-49.36906533,5,3494,F
-61.99072095,-49.45198014,5,3494,F
-61.06939423,-49.18408771,5,3494,F
-62.07951328,-48.99635547,5,3494,F
-62.34997274,-49.04927297,5,3494,F
-62.37731122,-48.86852672,5,3494,F
-62.41106424,-48.74718855,5,3494,F
-62.38575257,-48.84798333,5,3494,F
-62.45970555,-48.59082711,5,3494,F
-62.29808567,-48.68785911,5,3494,F
-62.41968618,-48.70592396,5,3494,F
-62.49003527,-48.7321239,5,3494,F
-62.05294314,-48.46470782,5,3494,F
-62.22754287,-48.290989,5,3494,F
-62.05291121,-48.54958663,5,3494,F
-61.93437833,-48.30468799,5,3494,F
-62.06138631,-48.17699013,5,3494,F
-61.9799136,-48.38477253,5,3494,F
-61.98972549,-48.36849167,5,3494,F
-62.13051156,-48.03631824,5,3494,F
-62.11625273,-48.27051897,5,3494,F
-62.16665646,-48.13576843,5,3494,F
-62.05034115,-48.21465307,5,3494,F
-62.12038539,-47.95123364,5,3494,F
-61.87030876,-47.79141831,5,3494,F
-62.60083582,-46.95571254,5,3494,F
-62.46505232,-46.49058573,5,3494,F
-62.4954386,-46.50685404,5,3494,F
-62.42865518,-46.3987739,5,3494,F
-62.13248328,-47.05804529,5,3494,F
-61.47937246,-46.82481083,5,3494,F
-61.38395898,-47.5992042,5,3494,F
-61.96004655,-47.69899727,5,3494,F
-61.90998724,-47.42220352,6,3494,F
-61.81139462,-47.49248626,6,3494,F
-61.97108685,-47.12775968,6,3494,F
-61.78240352,-47.01396125,6,3494,F
-62.44993005,-46.84255875,6,3494,F
-62.63116071,-46.74937839,6,3494,F
-62.74327815,-46.85863929,6,3494,F
-62.81792084,-46.6455419,6,3494,F
-62.6843123,-46.81745083,6,3494,F
-62.56546343,-46.71643423,6,3494,F
-62.55697637,-46.72221756,6,3494,F
-62.45621275,-46.89794737,6,3494,F
-62.36679542,-45.3631163,6,3494,F
-62.81027446,-45.06112033,6,3494,F
-63.12597479,-45.08965831,6,3494,F
-62.91048556,-44.8082449,6,3494,F
-62.85172113,-44.88446485,6,3494,F
-63.42889547,-44.93169539,6,3494,F
-63.66485427,-44.8875213,6,3494,F
-63.00754048,-44.70207208,6,3494,F
-62.62651634,-44.32345042,6,3494,F
-63.18347624,-44.3370094,6,3494,F
-62.97879819,-44.34778926,6,3494,F
-63.71127427,-43.32679319,6,3494,F
-63.76930026,-43.08342123,6,3494,F
-63.29756256,-42.77469936,6,3494,F
-63.18550794,-43.15623611,6,3494,F
-62.90253613,-43.20332501,6,3494,F
-62.90797552,-43.07459221,6,3494,F
-62.72866579,-43.36008103,6,3494,F
-62.30046969,-43.91679014,6,3494,F
-62.10989049,-43.84357695,6,3494,F
-62.14881547,-43.91792722,6,3494,F
-62.36474219,-43.76467476,6,3494,F
-62.23579761,-43.75934186,6,3494,F
-62.4181254,-43.87939701,6,3494,F
-62.47801471,-43.67091414,6,3494,F
-62.61400378,-43.86504982,6,3494,F
-62.69042085,-43.60984579,6,3494,F
-62.80402154,-43.66110862,6,3494,F
-62.55170825,-43.67088793,6,3494,F
-62.71731543,-43.71670046,6,3494,F
-62.45024376,-43.60884517,6,3494,F
-62.70612026,-43.69329999,6,3494,F
-62.62015239,-43.66444181,6,3494,F
-62.51113938,-43.74357063,6,3494,F
-62.48310766,-43.58162047,6,3494,F
-62.58251634,-43.74587108,6,3494,F
-62.26254969,-43.49599308,6,3494,F
-62.49385448,-43.5094769,6,3494,F
-62.34938378,-43.68467134,6,3494,F
-62.36904934,-43.8453799,6,3494,F
-62.3365457,-43.72128214,6,3494,F
-62.07559034,-43.57734332,6,3494,F
-62.27029827,-43.81202325,6,3494,F
-62.02499709,-43.77877708,6,3494,F
-62.16729669,-43.71140703,6,3494,F
-62.1753592,-43.62628833,7,3494,F
-62.11070698,-43.46562296,7,3494,F
-61.85922911,-43.48316528,7,3494,F
-61.92552093,-43.56798819,7,3494,F
-62.6135869,-43.17331708,7,3494,F
-62.16132549,-42.9786821,7,3494,F
-62.01968749,-43.22490319,7,3494,F
-61.92335312,-43.29874175,7,3494,F
-61.62219341,-43.2759142,7,3494,F
-61.6255767,-43.29161807,7,3494,F
-61.90879121,-43.29346997,7,3494,F
-61.91464213,-43.22326385,7,3494,F
-61.9910245,-43.41221967,7,3494,F
-61.59792027,-43.30155976,7,3494,F
-61.71891568,-43.36715582,7,3494,F
-61.74450077,-43.43447857,7,3494,F
-62.38482389,-43.09399542,7,3494,F
-62.43872511,-42.70473847,7,3494,F
-62.51868114,-42.78650828,7,3494,F
-62.43052536,-42.72769491,7,3494,F
-62.50191799,-42.89796198,7,3494,F
-62.45547017,-42.8630713,7,3494,F
-62.3523682,-42.84036007,7,3494,F
-62.11991092,-42.73731413,7,3494,F
-62.39681817,-42.77025076,7,3494,F
-62.20448578,-42.66773232,7,3494,F
-62.3054859,-42.82371868,7,3494,F
-62.43153261,-42.94242175,7,3494,F
-61.89362868,-42.97866879,7,3494,F
-61.99368566,-42.89347,7,3494,F
-61.88483577,-42.97036329,7,3494,F
-62.02852583,-42.9966478,7,3494,F
-62.30975412,-42.97227175,7,3494,F
-62.06806932,-43.09985822,7,3494,F
-62.06649944,-42.89514586,7,3494,F
-61.91808656,-43.0125233,7,3494,F
-62.02616965,-43.04123184,7,3494,F
-62.09179676,-43.12352598,7,3494,F
-62.19635983,-43.06843654,7,3494,F
-61.53603946,-42.59135195,7,3494,F
-62.08420836,-43.41838288,7,3494,F
-62.32536999,-43.68072088,7,3494,F
-62.11835112,-43.6316036,7,3494,F
-61.89369169,-43.7686444,7,3494,F
-62.02685134,-43.96982625,7,3494,F
-61.94784316,-43.94542757,7,3494,F
-62.12160892,-43.90487814,7,3494,F
-62.06533244,-43.9681152,7,3494,F
-62.21050822,-43.92488404,7,3494,F
-62.04797885,-43.86746301,7,3494,F
-62.22826227,-44.02319777,7,3494,F
-61.99087037,-44.07770684,7,3494,F
-61.95829878,-44.04636685,7,3494,F
-61.73003707,-44.01567307,7,3494,F
-62.09371653,-44.1083397,7,3494,F
-62.02117154,-43.87849369,7,3494,F
-62.07327797,-43.88000092,7,3494,F
-62.11489867,-43.62145338,7,3494,F
-61.82162823,-43.68130835,7,3494,F
-61.97602817,-43.90395536,7,3494,F
-61.83184178,-43.80185753,7,3494,F
-61.82478647,-43.90236074,7,3494,F
-61.78123586,-43.86795432,8,3494,F
-61.71751253,-43.9164941,8,3494,F
-61.78718328,-43.89820378,8,3494,F
-61.84096505,-44.48943149,8,3494,F
-61.48819736,-44.784769,8,3494,F
-61.67673334,-44.82521539,8,3494,F
-61.58378317,-44.76000784,8,3494,F
-61.5676001,-44.8296481,8,3494,F
-61.59167431,-44.86988126,8,3494,F
-61.57119048,-44.82209723,8,3494,F
-61.50137425,-44.81118251,8,3494,F
-61.53155914,-44.89576613,8,3494,F
-61.48130633,-44.90262962,8,3494,F
-61.47965481,-44.83826515,8,3494,F
-61.37744504,-44.8480864,8,3494,F
-61.40290541,-44.88762632,8,3494,F
-61.53003335,-44.82798151,8,3494,F
-61.4524423,-44.8223082,8,3494,F
-61.5439142,-45.02306558,8,3494,F
-61.31998942,-44.66239136,8,3494,F
-61.5121855,-44.92501809,8,3494,F
-61.48118592,-44.80387121,8,3494,F
-61.45324034,-44.77984653,8,3494,F
-61.7665799,-44.82250025,8,3494,F
-61.59102546,-45.13099402,8,3494,F
-62.04553903,-45.05204547,8,3494,F
-61.70678809,-45.19156406,8,3494,F
-61.9809815,-45.20104405,8,3494,F
-62.02786121,-45.1672997,8,3494,F
-61.59429203,-45.04560605,8,3494,F
-61.75568056,-45.22102064,8,3494,F
-61.6970579,-45.10374648,8,3494,F
-61.87090739,-45.38557831,8,3494,F
-61.75559171,-45.60699849,8,3494,F
-61.92064947,-45.84533019,8,3494,F
-61.87720311,-45.5153018,8,3494,F
-61.73105556,-45.44698474,8,3494,F
-62.36054428,-45.81526715,8,3494,F
-62.54812,-45.60892537,8,3494,F
-62.28626668,-45.91851623,8,3494,F
-62.37274119,-45.68558463,8,3494,F
-62.50777891,-45.92050484,8,3494,F
-62.47396967,-45.66818776,8,3494,F
-62.3854855,-45.34184061,8,3494,F
-62.34751616,-45.42194377,8,3494,F
-62.38493595,-45.49574582,8,3494,F
-62.29569679,-46.05544513,8,3494,F
-62.13664727,-45.61385534,8,3494,F
-62.40710323,-45.7510868,8,3494,F
-62.08786244,-45.4505319,8,3494,F
-62.20750119,-45.75168466,8,3494,F
-61.6537765,-45.59565626,8,3494,F
-62.13468895,-45.36712272,8,3494,F
-62.24287095,-45.85958827,8,3494,F
-62.95688599,-46.31399947,8,3494,F
-63.86709614,-47.29298132,8,3494,F
-63.85543327,-48.1329931,8,3494,F
-64.5502109,-48.88521923,8,3494,F
-64.84587404,-48.87487151,8,3494,F
-64.99774891,-49.32678529,8,3494,F
-64.99871355,-49.2228183,8,3494,F
-65.22760484,-49.37265058,8,3494,F
-65.75088639,-49.48819413,9,3494,F
-66.2858597,-49.95375673,9,3494,F
-66.14681506,-49.65370866,9,3494,F
-66.02590734,-49.81529063,9,3494,F
-65.84886208,-49.95319115,9,3494,F
-65.77694526,-50.0623244,9,3494,F
-65.86733016,-50.03297099,9,3494,F
-65.75204598,-49.58710721,9,3494,F
-66.11863968,-50.10873605,9,3494,F
-65.97280894,-49.92111047,9,3494,F
-65.66212495,-50.13873011,9,3494,F
-66.13811417,-50.30407101,9,3494,F
-66.03965901,-50.06658146,9,3494,F
-66.22317793,-50.09397404,9,3494,F
-65.69963051,-49.96331257,9,3494,F
-65.95257272,-50.24770986,9,3494,F
-63.20687378,-55.9133435,9,3494,F
-63.62837444,-55.74720034,9,3494,F
-64.32220964,-54.04740261,4,3497,M
-64.22365549,-54.19438704,4,3497,M
-64.65489219,-54.16905614,4,3497,M
-64.86130501,-54.06826342,4,3497,M
-66.10152999,-53.34253645,4,3497,M
-65.96922531,-53.31788648,4,3497,M
-66.52459936,-53.00249353,4,3497,M
-66.62918851,-53.00719288,4,3497,M
-66.67056076,-52.80838505,4,3497,M
-66.32497488,-52.8911468,4,3497,M
-66.73696747,-52.91354935,4,3497,M
-66.66503395,-52.95725211,4,3497,M
-66.34708452,-52.91579376,4,3497,M
-66.54249949,-53.06741489,4,3497,M
-66.51288544,-53.04414348,4,3497,M
-66.63809133,-53.16512737,4,3497,M
-66.76521192,-52.97716726,4,3497,M
-66.56949462,-53.18377557,4,3497,M
-66.30415419,-52.81231198,4,3497,M
-66.03341212,-52.88933422,4,3497,M
-66.11620707,-52.71389975,4,3497,M
-65.72173899,-52.74971012,4,3497,M
-65.63076776,-52.87265859,4,3497,M
-64.50623847,-52.72812555,4,3497,M
-64.63396269,-52.86647842,4,3497,M
-64.5283176,-52.59010457,4,3497,M
-64.72521975,-52.94347028,4,3497,M
-64.44091841,-52.67377735,4,3497,M
-64.65408391,-52.59748826,4,3497,M
-64.73084634,-52.53499988,4,3497,M
-64.20551629,-52.58093858,4,3497,M
-63.46797083,-52.61039808,4,3497,M
-63.34570833,-52.52079726,4,3497,M
-63.44176373,-52.45432444,4,3497,M
-63.48285577,-52.44682896,4,3497,M
-63.44178675,-52.72303804,4,3497,M
-63.70990507,-52.58589856,4,3497,M
-63.48423354,-52.52009303,4,3497,M
-63.60758697,-52.53065626,4,3497,M
-63.46245336,-52.5915836,4,3497,M
-63.56602501,-52.35589037,4,3497,M
-62.94414259,-52.13429098,4,3497,M
-62.7237642,-51.81888436,4,3497,M
-63.15227232,-51.92378249,4,3497,M
-62.76444654,-51.84334149,5,3497,M
-62.69585863,-51.71545255,5,3497,M
-62.68575058,-51.83315408,5,3497,M
-62.55215511,-51.64021481,5,3497,M
-62.38817459,-51.63755085,5,3497,M
-62.47904473,-51.54312882,5,3497,M
-62.74120037,-51.68446786,5,3497,M
-62.45571377,-51.68543302,5,3497,M
-62.58147025,-51.67552832,5,3497,M
-62.53934708,-51.67792166,5,3497,M
-62.49985342,-51.83185176,5,3497,M
-62.348021,-51.76378921,5,3497,M
-62.46500258,-51.70651439,5,3497,M
-62.10737949,-51.59724234,5,3497,M
-61.96904891,-51.50661406,5,3497,M
-62.23017303,-51.5627578,5,3497,M
-62.20500726,-51.62852762,5,3497,M
-61.96428787,-51.69342115,5,3497,M
-62.20332173,-51.6827626,5,3497,M
-61.89788423,-51.6844422,5,3497,M
-62.04832857,-51.63267128,5,3497,M
-62.15808435,-51.6964385,5,3497,M
-62.2254199,-51.53633375,5,3497,M
-62.15996108,-51.66533021,5,3497,M
-62.25776266,-51.68230596,5,3497,M
-62.27118377,-51.59545152,5,3497,M
-62.23525076,-51.65105145,5,3497,M
-62.12563775,-51.68297761,5,3497,M
-62.18973767,-51.09260008,5,3497,M
-62.17658886,-50.83632598,5,3497,M
-62.37335668,-50.81472069,5,3497,M
-62.4973452,-50.69968416,5,3497,M
-62.44133926,-50.74104857,5,3497,M
-62.40522111,-50.79681488,5,3497,M
-62.18003045,-50.84812388,5,3497,M
-62.45759642,-50.7469666,5,3497,M
-62.37919376,-50.56383742,5,3497,M
-62.23432847,-50.32470071,5,3497,M
-62.42522151,-50.1527635,5,3497,M
-62.34220146,-50.38916854,5,3497,M
-61.76085427,-50.39705723,5,3497,M
-61.89205989,-50.25554115,5,3497,M
-61.87642406,-50.48039047,5,3497,M
-61.9818732,-50.39520858,5,3497,M
-61.7519691,-50.42490883,5,3497,M
-61.95562914,-50.39783659,5,3497,M
-61.79205174,-50.52765858,5,3497,M
-61.9275033,-50.27846549,5,3497,M
-61.98668637,-50.44771546,5,3497,M
-61.79093819,-50.17741572,5,3497,M
-61.856551,-50.23923099,5,3497,M
-62.12575753,-50.17137937,5,3497,M
-62.19265073,-50.00714722,5,3497,M
-62.1821177,-50.1539618,5,3497,M
-62.06100675,-50.04649222,5,3497,M
-62.12388846,-50.06016183,5,3497,M
-62.25782328,-49.80887135,5,3497,M
-62.57480048,-49.89494872,5,3497,M
-62.68885971,-49.94361303,5,3497,M
-62.92455809,-49.73573006,5,3497,M
-62.87673539,-49.60838069,5,3497,M
-62.82750408,-49.78595578,5,3497,M
-62.64463726,-49.75672977,6,3497,M
-62.79424448,-49.97695123,6,3497,M
-62.76903491,-49.87545466,6,3497,M
-62.72198934,-50.00789226,6,3497,M
-63.02289498,-49.77018145,6,3497,M
-63.07278977,-50.03219166,6,3497,M
-62.51372952,-49.84719098,6,3497,M
-63.16090363,-49.5935733,6,3497,M
-63.09854872,-49.62775817,6,3497,M
-63.17517458,-49.92991088,6,3497,M
-62.77708271,-49.63607659,6,3497,M
-62.91368984,-49.85584447,6,3497,M
-63.08526434,-49.6575559,6,3497,M
-63.20324772,-49.49382084,6,3497,M
-62.7663828,-49.48462701,6,3497,M
-63.30514966,-49.69960648,6,3497,M
-63.02884955,-49.55613399,6,3497,M
-63.07263987,-49.70373599,6,3497,M
-63.13121323,-49.74655452,6,3497,M
-63.03247125,-49.62373208,6,3497,M
-62.90978824,-49.582417,6,3497,M
-63.02206087,-49.47136226,6,3497,M
-63.00617077,-49.54953142,6,3497,M
-62.92095032,-49.60248307,6,3497,M
-62.90422713,-49.45344131,6,3497,M
-63.11743557,-49.41330676,6,3497,M
-62.97035433,-49.61798547,6,3497,M
-63.01943822,-49.45519903,6,3497,M
-63.19506865,-49.42332418,6,3497,M
-63.29959921,-49.55092775,6,3497,M
-63.21864404,-49.60315044,6,3497,M
-63.35725154,-49.39783122,6,3497,M
-63.29711832,-49.44151371,6,3497,M
-63.38690531,-49.3895841,6,3497,M
-63.42744643,-49.48721561,6,3497,M
-63.11567925,-49.34034984,6,3497,M
-63.25818974,-49.25552811,6,3497,M
-63.11737744,-49.39370784,6,3497,M
-63.24246788,-49.24116975,6,3497,M
-63.25966576,-49.16136446,6,3497,M
-63.38772582,-49.37657907,6,3497,M
-63.86279642,-48.36239528,6,3497,M
-63.92227283,-47.16936772,6,3497,M
-63.99329462,-47.4257294,6,3497,M
-63.95227415,-47.29070607,6,3497,M
-63.85487067,-47.17500093,6,3497,M
-63.94292716,-47.05559851,6,3497,M
-63.76044528,-47.13143746,6,3497,M
-63.72763479,-46.90133931,6,3497,M
-63.48411013,-46.7163698,6,3497,M
-63.47153289,-47.27647215,6,3497,M
-63.67286745,-46.97959263,6,3497,M
-63.61507433,-47.02909741,6,3497,M
-63.61619052,-46.96914787,6,3497,M
-63.66000481,-47.0435037,6,3497,M
-63.69002334,-47.03155774,6,3497,M
-63.78419688,-46.92862873,6,3497,M
-63.48255833,-46.90976881,6,3497,M
-63.70923647,-46.97867102,6,3497,M
-63.9564875,-46.8344515,6,3497,M
-63.94251023,-46.88659139,7,3497,M
-63.52029659,-46.93499488,7,3497,M
-63.68912312,-46.63932342,7,3497,M
-63.77666032,-46.8201708,7,3497,M
-63.56813593,-47.00659292,7,3497,M
-63.64649476,-46.91197409,7,3497,M
-63.27941675,-47.02155572,7,3497,M
-63.32088031,-46.63819786,7,3497,M
-63.07083992,-46.36188839,7,3497,M
-63.07698414,-46.65303167,7,3497,M
-63.27116199,-46.65728798,7,3497,M
-63.4011476,-46.55379642,7,3497,M
-63.84718151,-46.30070797,7,3497,M
-63.7323182,-45.23113411,7,3497,M
-63.74320598,-45.38438201,7,3497,M
-63.50346165,-45.24537086,7,3497,M
-63.35016602,-45.1244751,7,3497,M
-63.57443643,-45.1189545,7,3497,M
-63.2231273,-45.41052304,7,3497,M
-62.4362398,-45.27140135,7,3497,M
-62.51735782,-45.25862984,7,3497,M
-62.68722015,-45.34557044,7,3497,M
-62.53359223,-45.3032461,7,3497,M
-62.54030733,-45.28009996,7,3497,M
-62.62002271,-45.37622809,7,3497,M
-62.70274069,-45.32899889,7,3497,M
-62.68050566,-45.23252628,7,3497,M
-62.71812716,-45.25636928,7,3497,M
-63.004044,-45.3135267,7,3497,M
-62.7464493,-45.13813867,7,3497,M
-62.96319506,-45.28555647,7,3497,M
-62.61776359,-45.44446414,7,3497,M
-62.80156149,-45.01001937,7,3497,M
-62.90574003,-45.16764428,7,3497,M
-62.71969474,-45.18272783,7,3497,M
-62.58609643,-45.17898006,7,3497,M
-62.47734668,-45.33458685,7,3497,M
-62.7522844,-45.2407923,7,3497,M
-62.75044517,-45.30261431,7,3497,M
-62.47383095,-45.22551273,7,3497,M
-62.39277809,-45.00165269,7,3497,M
-62.91549011,-44.85108027,7,3497,M
-63.07161826,-45.10656085,7,3497,M
-63.13447433,-45.15556054,7,3497,M
-63.03497438,-45.29289813,7,3497,M
-63.27505933,-44.98238796,7,3497,M
-63.03198302,-44.90122518,7,3497,M
-63.37768397,-45.00282032,7,3497,M
-63.1412955,-45.07376098,7,3497,M
-63.12519913,-44.95063361,7,3497,M
-62.95470949,-45.02029449,7,3497,M
-63.25691947,-44.99651273,7,3497,M
-63.32298357,-45.13814995,7,3497,M
-62.92479682,-45.12408336,7,3497,M
-62.95550495,-44.82480172,7,3497,M
-63.16410922,-44.61023428,7,3497,M
-63.31012474,-45.23769587,7,3497,M
-62.78065855,-44.98187583,7,3497,M
-62.3549363,-45.2948016,7,3497,M
-62.50987026,-45.31891683,7,3497,M
-62.6738243,-45.15739525,7,3497,M
-62.42529491,-45.10949983,7,3497,M
-62.59007267,-45.15281325,8,3497,M
-62.59875026,-45.1257107,8,3497,M
-62.6660001,-44.98982946,8,3497,M
-62.70453933,-44.88285517,8,3497,M
-62.42249064,-44.87793122,8,3497,M
-62.1743373,-45.19968242,8,3497,M
-61.46002119,-45.2440533,8,3497,M
-61.97908647,-45.4292966,8,3497,M
-62.10225747,-45.38446455,8,3497,M
-62.0108985,-45.28707313,8,3497,M
-61.93558279,-45.11061727,8,3497,M
-61.86929653,-45.17342001,8,3497,M
-62.26060459,-45.51066206,8,3497,M
-62.39232183,-45.85434118,8,3497,M
-62.40228748,-45.64514478,8,3497,M
-62.442016,-45.40586309,8,3497,M
-62.39186972,-45.57520186,8,3497,M
-62.40640698,-45.68461009,8,3497,M
-62.18988494,-45.65096459,8,3497,M
-62.47512215,-45.70274643,8,3497,M
-62.30124469,-45.5696047,8,3497,M
-62.41590703,-45.76392215,8,3497,M
-62.45348463,-45.59769371,8,3497,M
-62.51232386,-45.72820654,8,3497,M
-62.37466482,-45.56768414,8,3497,M
-62.36970561,-45.71245056,8,3497,M
-62.42036604,-45.7280428,8,3497,M
-62.39279857,-45.83799063,8,3497,M
-62.37568015,-45.6569604,8,3497,M
-62.50059096,-45.71675473,8,3497,M
-62.48529341,-45.74646693,8,3497,M
-62.19653118,-45.85753876,8,3497,M
-62.28174138,-45.90262038,8,3497,M
-62.367746,-45.78369846,8,3497,M
-62.32123601,-45.52473003,8,3497,M
-62.25192775,-45.63248249,8,3497,M
-62.14353016,-45.81016942,8,3497,M
-62.16090328,-45.98295222,8,3497,M
-62.35427112,-45.8249827,8,3497,M
-62.31865157,-45.7280658,8,3497,M
-62.33015779,-45.89080132,8,3497,M
-62.3841934,-45.94053907,8,3497,M
-62.06795395,-45.76988722,8,3497,M
-62.24204424,-45.90277252,8,3497,M
-62.17744314,-45.68276329,8,3497,M
-62.03834729,-45.80544157,8,3497,M
-62.12161766,-45.8038049,8,3497,M
-62.1479405,-45.97302597,8,3497,M
-62.19323931,-45.89309775,8,3497,M
-62.17706178,-45.91086456,8,3497,M
-62.30929089,-45.91557729,8,3497,M
-62.15406193,-45.77073689,8,3497,M
-62.67728796,-45.90163059,8,3497,M
-63.47847108,-46.00315601,8,3497,M
-64.40118762,-46.91761041,8,3497,M
-62.45805694,-47.47971736,8,3497,M
-62.43836354,-47.52906629,8,3497,M
-62.72135811,-47.71446899,8,3497,M
-62.73538555,-47.95404965,8,3497,M
-63.05962958,-47.09726288,8,3497,M
-63.16653864,-47.43542414,8,3497,M
-63.23545708,-47.72606654,9,3497,M
-63.60600126,-48.31618575,9,3497,M
-64.1764035,-48.30332477,9,3497,M
-63.92251476,-48.10906308,9,3497,M
-64.0641527,-48.31448309,9,3497,M
-64.5072897,-48.05856718,9,3497,M
-64.24708765,-48.0351882,9,3497,M
-64.93660285,-48.18655801,9,3497,M
-65.42665236,-47.51882771,9,3497,M
-64.39681378,-47.73164019,9,3497,M
-66.34327506,-51.29803749,9,3497,M
-66.51336897,-54.04802258,9,3497,M
-61.2117237,-55.94790274,9,3497,M
-61.00444294,-56.32530109,9,3497,M
-65.33882759,-52.5961565,4,3499,M
-65.2447744,-52.70316303,4,3499,M
-66.66527161,-52.91837063,4,3499,M
-65.43511148,-52.06206976,4,3499,M
-66.64952263,-52.02740029,4,3499,M
-66.84955698,-52.6652412,4,3499,M
-66.84280282,-51.00587106,4,3499,M
-63.67128751,-46.54565902,5,3499,M
-62.75631689,-48.09017493,5,3499,M
-61.837468,-42.60470659,6,3499,M
-61.31962574,-42.65296561,7,3499,M
-60.98340083,-42.71883083,7,3499,M
-63.06582715,-42.82083243,7,3499,M
-63.41727932,-42.93562516,7,3499,M
-62.5978796,-42.78130816,7,3499,M
-62.23732487,-42.54382463,7,3499,M
-62.28231487,-42.69457628,7,3499,M
-62.66060905,-42.93543727,7,3499,M
-65.83755742,-45.6454113,7,3499,M
-64.39245785,-46.16298891,7,3499,M
-63.39024539,-44.85855314,7,3499,M
-63.8072616,-44.88715845,7,3499,M
-63.52948742,-42.9794674,8,3499,M
-64.4665928,-44.67079331,8,3499,M
-64.54273624,-44.62871855,8,3499,M
-64.38589379,-44.97771152,8,3499,M
-64.08274142,-44.69881606,8,3499,M
-64.05282948,-44.85449787,8,3499,M
-64.30776577,-45.00717762,8,3499,M
-64.46160375,-44.86858047,8,3499,M
-64.33077413,-44.87445589,8,3499,M
-64.02575887,-44.53177102,8,3499,M
-63.72831703,-44.81707396,8,3499,M
-63.44904959,-45.17444997,8,3499,M
-63.63830975,-44.1625816,8,3499,M
-64.2871879,-46.14436717,8,3499,M
-64.05323983,-46.4149757,8,3499,M
-63.42351252,-44.6963294,8,3499,M
-64.00589639,-44.73032536,8,3499,M
-63.93769875,-48.082231,8,3499,M
-62.61103973,-45.32160961,8,3499,M
-62.74412725,-45.43306709,8,3499,M
-63.99879441,-45.99633375,8,3499,M
-64.82381353,-46.19767144,8,3499,M
-63.10228113,-53.79369142,4,3503,M
-60.64921487,-53.6403761,4,3503,M
-64.43514969,-54.48287068,4,3503,M
-64.87032765,-53.73774905,4,3503,M
-65.35070147,-53.78107382,4,3503,M
-65.20209519,-53.82658336,4,3503,M
-65.18790734,-53.71179672,4,3503,M
-65.61254669,-54.20554446,4,3503,M
-65.21760232,-53.48311389,4,3503,M
-65.43666674,-53.89130507,4,3503,M
-65.23996978,-53.80076063,4,3503,M
-65.21747293,-53.94611313,4,3503,M
-65.8096343,-54.07866596,4,3503,M
-66.1794118,-53.23831405,4,3503,M
-66.36307443,-53.18915586,4,3503,M
-66.30829746,-53.18210846,4,3503,M
-66.09526303,-53.31125215,4,3503,M
-66.59410351,-53.33240609,4,3503,M
-66.93539423,-53.44607302,4,3503,M
-66.62400254,-53.28713509,4,3503,M
-67.04728638,-53.3595494,4,3503,M
-66.73106585,-53.44866743,4,3503,M
-66.86397649,-53.38252264,4,3503,M
-66.8124916,-53.35032343,4,3503,M
-67.07069665,-53.27868743,4,3503,M
-66.89690938,-53.21248219,4,3503,M
-67.15287116,-53.07589634,4,3503,M
-67.05564853,-53.23715186,4,3503,M
-66.81977977,-53.18607998,4,3503,M
-66.67982881,-53.39446882,4,3503,M
-66.73662398,-52.91162855,4,3503,M
-66.93964323,-52.98662919,4,3503,M
-66.65484439,-53.10788406,4,3503,M
-66.86254181,-53.2468231,4,3503,M
-66.56904463,-53.24499825,4,3503,M
-66.29989014,-53.02384194,5,3503,M
-66.71434589,-52.88724576,5,3503,M
-66.61767538,-52.82402526,5,3503,M
-66.62199912,-53.17078289,5,3503,M
-66.84324158,-53.0011806,5,3503,M
-66.84138585,-53.24183919,5,3503,M
-66.66055218,-53.00287565,5,3503,M
-66.94113005,-52.76430852,5,3503,M
-66.62071371,-52.78335525,5,3503,M
-66.47206753,-52.50428062,5,3503,M
-66.51276477,-53.0962832,5,3503,M
-66.93594934,-53.4192376,5,3503,M
-66.42653685,-53.28910698,5,3503,M
-66.11529257,-52.78774207,5,3503,M
-65.91536349,-53.10557024,5,3503,M
-65.37083331,-53.03194099,5,3503,M
-65.41646016,-53.4050624,5,3503,M
-65.57087933,-52.8859165,5,3503,M
-65.98235358,-53.14302699,5,3503,M
-65.19094995,-53.05823743,5,3503,M
-64.72925461,-52.88422162,5,3503,M
-64.53043727,-52.89259057,5,3503,M
-63.94519461,-53.03528438,5,3503,M
-64.45586234,-53.21377797,5,3503,M
-63.97374261,-52.85605625,5,3503,M
-63.91657923,-53.03970952,5,3503,M
-63.78887167,-52.94327994,5,3503,M
-63.70662956,-53.14186629,5,3503,M
-63.98240603,-53.16908211,5,3503,M
-63.55814155,-52.87092775,5,3503,M
-63.04352477,-52.68141788,5,3503,M
-62.60559093,-52.75080842,5,3503,M
-63.03151004,-52.92691049,5,3503,M
-63.12430778,-52.96742765,5,3503,M
-63.2909594,-53.09397685,5,3503,M
-63.08198456,-53.09546768,5,3503,M
-62.63096785,-53.50187067,5,3503,M
-61.66616496,-53.43682225,5,3503,M
-61.95119452,-53.41461467,5,3503,M
-61.97172841,-53.40711054,5,3503,M
-61.74934025,-53.43218622,5,3503,M
-62.11447222,-53.56082456,5,3503,M
-61.59361131,-53.49000251,5,3503,M
-62.09238865,-53.44827511,5,3503,M
-61.63551991,-53.43330689,5,3503,M
-61.78911271,-53.25606957,5,3503,M
-61.8795836,-53.4944531,5,3503,M
-61.62542767,-53.63852283,5,3503,M
-61.37122812,-53.62178159,5,3503,M
-61.62350523,-53.50744966,5,3503,M
-61.77106069,-53.31100125,5,3503,M
-60.99381379,-53.23689989,5,3503,M
-60.92232819,-53.07529726,5,3503,M
-61.74823251,-53.04370529,5,3503,M
-61.39107988,-52.8539384,5,3503,M
-61.8158628,-53.19520831,5,3503,M
-62.26291583,-52.96731508,5,3503,M
-62.13149875,-53.24626254,5,3503,M
-63.34180881,-51.44567217,5,3503,M
-65.00873052,-50.35540195,5,3503,M
-65.10720466,-50.60025739,5,3503,M
-64.78312965,-50.60342662,5,3503,M
-65.13038754,-49.2118671,6,3503,M
-64.70248444,-47.62793593,6,3503,M
-64.46447338,-47.82373909,6,3503,M
-64.38496875,-47.86917309,6,3503,M
-64.07226442,-48.01899356,6,3503,M
-64.04543955,-47.97738706,6,3503,M
-64.0550449,-48.1719299,6,3503,M
-64.23751817,-48.24387207,6,3503,M
-64.81426242,-48.35247532,6,3503,M
-64.56265638,-48.04415952,6,3503,M
-64.25733624,-48.11388317,6,3503,M
-64.26905404,-48.05113014,6,3503,M
-63.74192118,-47.95446466,6,3503,M
-64.20833283,-48.05479515,6,3503,M
-63.82740343,-48.27943051,6,3503,M
-63.50822842,-48.38260507,6,3503,M
-63.27080183,-48.49675969,6,3503,M
-63.76582109,-48.40112953,6,3503,M
-63.1516589,-48.40748486,6,3503,M
-63.26912129,-48.04201284,6,3503,M
-63.32032438,-48.26011946,6,3503,M
-63.68214203,-48.45879261,6,3503,M
-62.85749218,-47.62378154,6,3503,M
-63.09473361,-47.33235556,6,3503,M
-63.51780162,-48.50669893,6,3503,M
-62.85917883,-47.63778135,6,3503,M
-63.66931147,-48.00755976,6,3503,M
-63.36554543,-47.9114375,6,3503,M
-64.54494807,-46.2989652,6,3503,M
-64.89260794,-46.07913549,6,3503,M
-65.4248117,-45.94599694,6,3503,M
-65.43437211,-45.05350112,6,3503,M
-63.95705689,-44.31801426,6,3503,M
-65.08410668,-44.8208869,6,3503,M
-64.68171647,-45.01646585,6,3503,M
-64.67697982,-45.27607101,6,3503,M
-64.66902334,-45.42440002,6,3503,M
-64.4578437,-45.44468798,6,3503,M
-64.24675566,-45.84323993,6,3503,M
-64.02626166,-46.06429632,6,3503,M
-63.98671775,-45.73823133,6,3503,M
-63.71946252,-45.56812264,6,3503,M
-64.61914631,-44.61310143,6,3503,M
-65.21889521,-46.04378457,6,3503,M
-65.02384864,-46.18947834,6,3503,M
-63.10645067,-43.41302633,6,3503,M
-65.06013326,-44.48405809,6,3503,M
-64.21679113,-44.20479045,6,3503,M
-64.77284917,-43.84473531,6,3503,M
-61.96426653,-42.871707,6,3503,M
-64.72387806,-44.13829113,6,3503,M
-64.43728251,-44.33599795,6,3503,M
-64.47521013,-44.08544255,6,3503,M
-64.38056575,-43.95141176,6,3503,M
-64.27791425,-44.20584094,6,3503,M
-63.81065697,-43.90092781,6,3503,M
-61.44856822,-43.00750534,6,3503,M
-63.5162458,-43.55294581,6,3503,M
-63.53100511,-43.41484698,7,3503,M
-62.64251426,-43.29270067,7,3503,M
-62.56078694,-43.11987699,7,3503,M
-62.66392801,-43.08252464,7,3503,M
-62.66983645,-43.04871348,7,3503,M
-62.88163324,-43.00532667,7,3503,M
-62.65319244,-43.06745814,7,3503,M
-62.68602135,-43.07862206,7,3503,M
-62.5615727,-43.10257325,7,3503,M
-59.52452086,-41.68116194,7,3503,M
-60.14670803,-42.46306195,7,3503,M
-61.72450717,-43.37397475,7,3503,M
-61.60641171,-43.45894137,7,3503,M
-61.29885183,-43.64198667,7,3503,M
-61.02056883,-43.68767097,7,3503,M
-60.74025257,-43.69712939,7,3503,M
-60.95516762,-43.83118916,7,3503,M
-60.72909386,-43.71545267,7,3503,M
-60.89123472,-43.92894508,7,3503,M
-60.60911575,-43.95642476,7,3503,M
-61.20289739,-44.35272451,7,3503,M
-61.08641971,-44.36497358,7,3503,M
-61.15641696,-44.17525823,7,3503,M
-61.25003077,-44.28129704,7,3503,M
-61.12965957,-44.2567599,7,3503,M
-61.24539085,-44.19453269,7,3503,M
-61.3079795,-44.24922704,7,3503,M
-61.25554647,-44.29452216,7,3503,M
-61.16693994,-44.31161821,7,3503,M
-61.27094433,-44.1533704,7,3503,M
-61.33223273,-44.19623883,7,3503,M
-61.26189934,-44.33638822,7,3503,M
-61.33487176,-44.33690253,7,3503,M
-61.34645284,-44.23432735,7,3503,M
-61.25390487,-44.14633077,7,3503,M
-61.31386466,-44.0564262,7,3503,M
-61.50240967,-44.2444706,7,3503,M
-61.40690748,-44.0852863,7,3503,M
-61.69077651,-43.77111531,7,3503,M
-62.42246131,-44.08466389,7,3503,M
-62.66108825,-44.15215536,7,3503,M
-62.69150964,-44.50743344,7,3503,M
-62.98260613,-44.47572292,7,3503,M
-63.26178945,-44.46667333,7,3503,M
-63.0595594,-44.37190676,7,3503,M
-63.22126911,-44.3424904,7,3503,M
-63.04865545,-44.57237398,7,3503,M
-63.18678866,-44.37317369,7,3503,M
-63.22121591,-44.49477603,7,3503,M
-62.94678245,-44.3871247,7,3503,M
-63.05270778,-44.28122666,7,3503,M
-62.90005457,-44.42203205,7,3503,M
-62.9251854,-44.56385333,7,3503,M
-62.93143546,-44.37600666,7,3503,M
-63.10344318,-44.58891598,7,3503,M
-63.46548289,-44.51687697,7,3503,M
-63.35563134,-44.68754024,7,3503,M
-63.02945377,-44.60459565,7,3503,M
-62.94885115,-44.76009329,7,3503,M
-62.43031011,-44.69260263,7,3503,M
-62.71065295,-44.69671716,7,3503,M
-62.56184299,-44.83881049,7,3503,M
-62.63941887,-44.78446561,8,3503,M
-62.8109495,-44.8150204,8,3503,M
-62.63665359,-44.9309221,8,3503,M
-62.72434935,-44.84209085,8,3503,M
-62.41878293,-44.83880131,8,3503,M
-62.50669367,-44.7100612,8,3503,M
-62.14322084,-45.2023612,8,3503,M
-62.10449691,-45.29744527,8,3503,M
-62.1907157,-45.055498,8,3503,M
-62.06663221,-45.00038115,8,3503,M
-62.30139779,-44.87751766,8,3503,M
-62.44680652,-45.09818201,8,3503,M
-62.28076965,-45.29858183,8,3503,M
-61.40681405,-45.39818176,8,3503,M
-61.46712139,-45.55069147,8,3503,M
-61.82135879,-45.15239983,8,3503,M
-61.9165702,-45.20158595,8,3503,M
-61.72495212,-45.28728053,8,3503,M
-61.82167142,-45.14317158,8,3503,M
-61.81716145,-45.44454129,8,3503,M
-61.88107579,-45.17368092,8,3503,M
-61.74237502,-45.38892068,8,3503,M
-62.10931325,-45.36280175,8,3503,M
-61.99372988,-45.26463235,8,3503,M
-62.38328859,-45.37087244,8,3503,M
-62.67695187,-45.25779183,8,3503,M
-62.63164813,-45.19145266,8,3503,M
-63.06060407,-45.33591232,8,3503,M
-62.93917614,-45.24980195,8,3503,M
-62.71969938,-45.03907775,8,3503,M
-63.04957389,-45.38301648,8,3503,M
-62.73736777,-45.20359064,8,3503,M
-62.83688139,-45.19738079,8,3503,M
-62.73353472,-45.33464394,8,3503,M
-62.61469509,-45.05074931,8,3503,M
-62.57692566,-45.34320915,8,3503,M
-62.46292576,-45.30528363,8,3503,M
-62.66962927,-45.20142995,8,3503,M
-62.49040338,-45.2113552,8,3503,M
-62.53184255,-45.24839814,8,3503,M
-62.29419874,-45.3561734,8,3503,M
-62.45467309,-45.25023634,8,3503,M
-62.12374786,-45.22888576,8,3503,M
-62.15394881,-45.22814634,8,3503,M
-62.00548512,-45.35449216,8,3503,M
-62.02213188,-45.46549667,8,3503,M
-62.13729011,-45.29765079,8,3503,M
-62.1650674,-45.38130418,8,3503,M
-62.20313421,-45.45027595,8,3503,M
-62.06286478,-45.37087396,8,3503,M
-61.65383401,-45.39790192,8,3503,M
-61.6156914,-45.35905877,8,3503,M
-61.75290544,-45.23117137,8,3503,M
-61.92691107,-45.26088547,8,3503,M
-61.94538508,-45.51950014,8,3503,M
-61.97835992,-45.38943041,8,3503,M
-62.33553622,-45.51656783,8,3503,M
-62.61491972,-46.20164449,8,3503,M
-62.37938717,-45.96823414,8,3503,M
-62.33148703,-45.76205676,8,3503,M
-62.40373386,-45.77896311,8,3503,M
-62.66711104,-45.67796134,8,3503,M
-62.76599994,-46.41518189,9,3503,M
-62.94109363,-46.10769349,9,3503,M
-62.52167592,-46.35687005,9,3503,M
-62.89616144,-46.43000107,9,3503,M
-62.45336179,-46.12848124,9,3503,M
-62.55684111,-46.00787706,9,3503,M
-62.90701356,-45.92385553,9,3503,M
-62.80324514,-45.70580887,9,3503,M
-62.83358536,-46.26401116,9,3503,M
-63.00910523,-45.86787053,9,3503,M
-63.31325917,-46.39847148,9,3503,M
-63.24353436,-46.62430376,9,3503,M
-62.8563767,-45.73910219,9,3503,M
-63.93717831,-46.96114867,9,3503,M
-63.60217507,-46.88551122,9,3503,M
-64.12778933,-46.62324919,9,3503,M
-63.08929789,-45.91256205,9,3503,M
-63.86635436,-47.99677485,9,3503,M
-64.37545093,-47.91455533,9,3503,M
-64.75991276,-51.30063743,9,3503,M
-64.95653686,-52.43026006,9,3503,M
-66.54462491,-53.98361215,9,3503,M
-62.50753277,-56.23410112,9,3503,M
-60.86073251,-55.02810022,9,3503,M
-59.76857195,-56.1328025,9,3503,M
-62.85293992,-56.56519895,9,3503,M
-64.99855803,-53.32429513,9,3503,M
-66.18199839,-53.29239927,9,3503,M
-66.18735411,-52.64929338,4,3509,F
-66.44910379,-52.46988052,4,3509,F
-65.80484923,-52.43437319,4,3509,F
-68.11392848,-51.96563687,4,3509,F
-68.08069292,-52.04204834,4,3509,F
-67.88178145,-52.10932536,4,3509,F
-67.88828014,-52.06246463,4,3509,F
-67.65837394,-52.05688813,4,3509,F
-68.14811919,-52.16646384,4,3509,F
-67.85617052,-52.1750378,4,3509,F
-67.61184241,-52.31261786,4,3509,F
-67.67984649,-52.17517826,4,3509,F
-67.8622897,-52.41285579,4,3509,F
-67.27251143,-52.34081329,4,3509,F
-67.47772615,-52.17029817,4,3509,F
-67.25723974,-51.97017284,4,3509,F
-67.14434301,-52.38256845,4,3509,F
-67.09386257,-51.7850826,4,3509,F
-66.70282156,-52.05047667,4,3509,F
-66.88173768,-51.86748673,4,3509,F
-67.02087519,-52.01127299,4,3509,F
-66.63118357,-52.04714686,4,3509,F
-66.63014564,-51.85106437,5,3509,F
-66.54207973,-51.7038435,5,3509,F
-66.74480385,-51.76913839,5,3509,F
-66.69130954,-52.20127596,5,3509,F
-66.56092878,-51.72980391,5,3509,F
-66.32609246,-51.89667922,5,3509,F
-66.59894835,-51.78974986,5,3509,F
-66.35612203,-51.9054955,5,3509,F
-66.84807418,-51.8224549,5,3509,F
-66.67708149,-51.53877726,5,3509,F
-67.52916927,-51.65913109,5,3509,F
-65.74182402,-53.20446699,5,3509,F
-65.58718905,-51.94527541,5,3509,F
-65.57441124,-51.87824453,5,3509,F
-65.89043487,-51.81803898,5,3509,F
-65.98814578,-52.09119791,5,3509,F
-66.72213016,-52.24744567,5,3509,F
-65.7585962,-52.16550662,5,3509,F
-66.90001131,-52.02820388,5,3509,F
-67.13037899,-52.16990645,5,3509,F
-66.54289734,-52.5278683,5,3509,F
-67.05752105,-51.87375383,5,3509,F
-67.10343051,-51.75491458,5,3509,F
-67.07611207,-51.63952547,5,3509,F
-67.04281408,-51.37435667,5,3509,F
-65.85422737,-52.30712988,5,3509,F
-66.96013384,-51.29032346,5,3509,F
-66.84293977,-51.41040905,5,3509,F
-66.25406025,-51.07661407,5,3509,F
-66.24411267,-51.34830091,5,3509,F
-66.55911338,-51.96187209,5,3509,F
-66.70830828,-51.8410288,5,3509,F
-66.41208874,-51.53944513,5,3509,F
-67.15849246,-51.65837375,5,3509,F
-66.6943735,-51.61943827,5,3509,F
-66.95038456,-51.79090903,5,3509,F
-66.45718844,-51.37827706,5,3509,F
-66.49859253,-51.31302363,5,3509,F
-66.80402671,-51.96037472,5,3509,F
-66.65556377,-51.4611462,5,3509,F
-66.19286154,-51.5413337,5,3509,F
-64.78626041,-50.81090019,5,3509,F
-64.16558387,-51.04705947,5,3509,F
-63.78269275,-51.1663544,5,3509,F
-63.76984634,-50.57993331,5,3509,F
-64.54770284,-50.59542762,5,3509,F
-64.49259801,-50.57423105,5,3509,F
-63.36801945,-50.34014596,5,3509,F
-64.44685552,-50.94165939,5,3509,F
-64.94461346,-47.25535311,5,3509,F
-63.62647957,-46.45113867,5,3509,F
-64.66273842,-46.8420099,5,3509,F
-64.53442452,-46.91138916,5,3509,F
-64.57282021,-44.90889198,5,3509,F
-64.3490212,-44.0917499,5,3509,F
-64.32723236,-43.86010984,5,3509,F
-64.30156655,-43.79620944,5,3509,F
-64.57281173,-44.32860832,6,3509,F
-64.29249262,-44.16248114,6,3509,F
-64.58897895,-44.38822982,6,3509,F
-64.39119644,-44.18090984,6,3509,F
-64.4227599,-43.94158718,6,3509,F
-64.64407983,-44.00047796,6,3509,F
-64.62433536,-44.28258485,6,3509,F
-64.51028769,-44.11055673,6,3509,F
-64.22336314,-43.80691027,6,3509,F
-64.09221669,-43.62530705,6,3509,F
-63.98118098,-43.41527712,6,3509,F
-64.0491798,-43.30140631,6,3509,F
-63.90646326,-43.3723959,6,3509,F
-63.76040717,-43.24687708,6,3509,F
-63.48288475,-43.17152921,6,3509,F
-63.84683588,-42.9969282,6,3509,F
-63.39943379,-43.01614956,6,3509,F
-63.19275637,-43.02156147,6,3509,F
-63.06891345,-42.88673328,6,3509,F
-63.26045561,-42.88523604,6,3509,F
-63.4270419,-43.00331181,6,3509,F
-63.28671894,-42.9372123,6,3509,F
-63.29854279,-42.84549601,6,3509,F
-63.27856275,-42.85995476,6,3509,F
-63.02649425,-42.90961033,6,3509,F
-62.93776093,-43.07588149,6,3509,F
-62.72553662,-43.36959492,6,3509,F
-63.22924182,-42.91480072,6,3509,F
-63.19277947,-42.82938114,6,3509,F
-62.8313086,-42.96207173,6,3509,F
-62.84766541,-42.70628541,6,3509,F
-62.71376891,-42.52033504,6,3509,F
-62.6329069,-42.57364089,6,3509,F
-64.11695318,-43.34665535,6,3509,F
-64.19513521,-43.01196178,6,3509,F
-64.02398083,-42.90388955,6,3509,F
-64.69195907,-43.12569869,6,3509,F
-64.27559715,-43.11868884,6,3509,F
-63.7708111,-43.06249763,6,3509,F
-63.80289962,-43.04506487,6,3509,F
-63.53415034,-43.01980878,6,3509,F
-63.70671402,-42.91790866,6,3509,F
-63.72917134,-42.84882417,6,3509,F
-63.62723331,-42.99270248,6,3509,F
-63.49917227,-42.80466977,6,3509,F
-63.15694725,-42.72578021,6,3509,F
-62.96859526,-42.43547445,6,3509,F
-63.08364263,-42.44188259,6,3509,F
-62.85916869,-42.40760046,6,3509,F
-62.8575428,-42.2853236,6,3509,F
-62.72877441,-42.47228932,6,3509,F
-62.93782888,-42.4881683,6,3509,F
-62.85905783,-42.13786344,6,3509,F
-62.82390843,-42.63993126,6,3509,F
-62.25914339,-42.57087999,6,3509,F
-62.55280043,-42.68247864,6,3509,F
-62.36140062,-42.79105006,6,3509,F
-62.50492426,-42.69677328,6,3509,F
-62.67014894,-42.73184251,6,3509,F
-62.3587245,-42.92861101,7,3509,F
-62.68826355,-42.91736916,7,3509,F
-62.73717931,-42.90751603,7,3509,F
-62.55567962,-42.82586089,7,3509,F
-62.6632042,-43.05624421,7,3509,F
-62.52001326,-42.92347344,7,3509,F
-62.69984124,-42.84349494,7,3509,F
-62.619537,-42.77701931,7,3509,F
-62.73771671,-42.83115943,7,3509,F
-62.91241303,-42.72901427,7,3509,F
-62.80860465,-42.4349051,7,3509,F
-63.17963026,-42.34820569,7,3509,F
-62.72724667,-42.123363,7,3509,F
-62.79022686,-42.31737838,7,3509,F
-62.66286596,-41.9347746,7,3509,F
-62.66919538,-42.24244064,7,3509,F
-62.77181701,-42.31354252,7,3509,F
-62.7531012,-42.27338798,7,3509,F
-62.86214917,-42.49391743,7,3509,F
-62.88676529,-42.25310642,7,3509,F
-62.78749375,-42.28449763,7,3509,F
-62.55628803,-42.46275336,7,3509,F
-62.76047108,-42.26858307,7,3509,F
-62.56827508,-42.23673446,7,3509,F
-62.45789604,-42.22466636,7,3509,F
-62.54639749,-42.15049633,7,3509,F
-62.44220544,-42.11845528,7,3509,F
-62.31477429,-42.03741776,7,3509,F
-62.39347158,-42.03299955,7,3509,F
-62.51034613,-42.18627326,7,3509,F
-62.49769839,-42.11693906,7,3509,F
-62.44471247,-42.2714823,7,3509,F
-62.46892206,-42.12035766,7,3509,F
-62.4417829,-42.03480371,7,3509,F
-62.67964058,-42.17676453,7,3509,F
-62.71345051,-42.04446879,7,3509,F
-62.5868576,-42.05440552,7,3509,F
-62.57322642,-42.02157023,7,3509,F
-62.51627297,-41.98946494,7,3509,F
-62.50871844,-41.93656304,7,3509,F
-62.6973754,-42.06887016,7,3509,F
-62.43615821,-41.8970776,7,3509,F
-62.67517461,-41.95245323,7,3509,F
-62.71750923,-41.92080262,7,3509,F
-62.59333457,-41.8411575,7,3509,F
-62.60029228,-41.90644843,7,3509,F
-62.6193053,-42.05675351,7,3509,F
-62.50877252,-41.72713954,7,3509,F
-62.43697213,-41.82203701,7,3509,F
-62.42377828,-41.96257916,7,3509,F
-62.75541088,-42.14684561,7,3509,F
-62.99038557,-42.1290496,7,3509,F
-63.3355479,-42.03632608,7,3509,F
-62.71823521,-41.74919433,7,3509,F
-62.37785301,-41.89208305,7,3509,F
-62.60275648,-41.92943487,7,3509,F
-62.73153501,-41.99203407,7,3509,F
-62.90746763,-42.00127554,7,3509,F
-62.7915624,-42.03088048,7,3509,F
-62.7209566,-41.95936136,8,3509,F
-62.8395225,-42.0362285,8,3509,F
-62.59922374,-41.93157319,8,3509,F
-62.72277609,-42.12847216,8,3509,F
-62.88317649,-42.21517432,8,3509,F
-63.30353067,-42.64290433,8,3509,F
-63.31775546,-42.45095154,8,3509,F
-62.45551967,-42.49221181,8,3509,F
-62.41374944,-42.46053202,8,3509,F
-62.41126679,-42.41464933,8,3509,F
-62.26025266,-42.46047566,8,3509,F
-62.445124,-42.61013047,8,3509,F
-62.89126586,-42.686429,8,3509,F
-62.40462855,-42.52741894,8,3509,F
-62.51614543,-42.52862086,8,3509,F
-62.65873544,-42.62973393,8,3509,F
-62.67856248,-42.67860307,8,3509,F
-62.67698078,-42.6187025,8,3509,F
-62.93786327,-42.65172538,8,3509,F
-62.59499542,-42.3471468,8,3509,F
-62.98796323,-42.8517949,8,3509,F
-63.30697781,-42.74227269,8,3509,F
-63.08646864,-42.75809868,8,3509,F
-63.00626921,-42.69213281,8,3509,F
-63.06355357,-42.58851801,8,3509,F
-62.94403505,-42.80886056,8,3509,F
-62.92073442,-42.72051068,8,3509,F
-63.13049215,-42.80883546,8,3509,F
-62.9063317,-42.82349727,8,3509,F
-63.1362233,-42.88041462,8,3509,F
-62.79936213,-42.94046484,8,3509,F
-62.89281169,-42.88609751,8,3509,F
-62.91269172,-42.9580957,8,3509,F
-62.99637823,-42.82826657,8,3509,F
-63.09657552,-42.82118611,8,3509,F
-63.06892167,-42.9884554,8,3509,F
-63.07472285,-43.03434165,8,3509,F
-63.25011964,-42.92082244,8,3509,F
-63.40066962,-42.90434891,8,3509,F
-63.05309015,-43.12231834,8,3509,F
-63.26868893,-43.55495884,8,3509,F
-63.07782369,-43.68355355,8,3509,F
-63.20643881,-43.80113984,8,3509,F
-63.5799832,-44.12596016,8,3509,F
-63.19082609,-44.29064188,8,3509,F
-64.04019915,-45.17599174,8,3509,F
-64.30897471,-45.00490321,8,3509,F
-64.66252857,-44.87375007,9,3509,F
-64.92810268,-44.87994757,9,3509,F
-66.13495556,-45.1616716,9,3509,F
-66.89794061,-46.15806781,9,3509,F
-66.79826922,-46.69394869,9,3509,F
-66.57258088,-46.74592061,9,3509,F
-66.50835177,-46.81633254,9,3509,F
-66.58751959,-53.56536185,9,3509,F
-66.59238762,-54.09421156,9,3509,F
-66.80531539,-54.01819884,9,3509,F
-67.25262078,-53.5927794,9,3509,F
-65.21896019,-52.90879859,9,3509,F
-65.15448115,-53.16379418,4,3510,M
-65.99911936,-52.45602921,4,3510,M
-65.95679159,-52.50208207,4,3510,M
-66.32440843,-52.34252271,4,3510,M
-66.01906967,-52.32735437,4,3510,M
-65.74310591,-52.40808429,4,3510,M
-65.39722428,-52.40647543,4,3510,M
-65.46911133,-52.38774839,4,3510,M
-65.65668411,-52.49923493,4,3510,M
-65.7603559,-52.24741828,4,3510,M
-65.5423426,-52.47842636,4,3510,M
-65.70376121,-52.42958565,4,3510,M
-65.83069996,-52.50407376,4,3510,M
-66.11898615,-52.79214313,4,3510,M
-66.58462888,-52.87183165,4,3510,M
-66.0475457,-52.68097545,4,3510,M
-66.61705612,-52.74010324,4,3510,M
-66.20120056,-51.08818557,4,3510,M
-66.84265451,-52.01153426,4,3510,M
-66.18124399,-51.20957921,4,3510,M
-66.865871,-51.30468994,4,3510,M
-66.4376067,-51.08984893,4,3510,M
-66.28149223,-51.44384954,4,3510,M
-66.35608352,-51.4199543,4,3510,M
-66.27797636,-51.16866516,4,3510,M
-65.94808918,-51.17246049,4,3510,M
-65.9613122,-51.12747842,4,3510,M
-66.08902351,-51.02569783,4,3510,M
-65.81668931,-50.87312256,4,3510,M
-65.89382182,-50.81646259,4,3510,M
-66.21886273,-50.94904374,4,3510,M
-65.69220577,-49.78958438,4,3510,M
-62.08456286,-49.59619894,4,3510,M
-66.64119424,-50.63958308,4,3510,M
-65.28422794,-48.79942461,4,3510,M
-65.30245209,-48.71231068,4,3510,M
-65.63563418,-48.46172284,4,3510,M
-65.78980863,-48.24684222,4,3510,M
-67.04377916,-48.85140781,4,3510,M
-66.58407884,-48.50401705,4,3510,M
-66.42240118,-48.50707459,4,3510,M
-65.02671308,-48.10963133,4,3510,M
-63.2988493,-47.25772647,5,3510,M
-64.11397586,-46.63766991,5,3510,M
-63.75327798,-45.05720692,5,3510,M
-63.12867159,-45.01820543,5,3510,M
-63.85040811,-46.37047036,5,3510,M
-64.24718808,-46.56639281,5,3510,M
-63.64634514,-45.98824243,5,3510,M
-63.67908779,-45.81185636,5,3510,M
-63.51507379,-45.99198641,5,3510,M
-63.51722435,-45.84905669,5,3510,M
-63.64492828,-45.85324331,5,3510,M
-63.50907735,-45.84985912,5,3510,M
-63.91633197,-45.67728353,5,3510,M
-63.10318923,-45.36493734,5,3510,M
-63.29479359,-44.92721006,5,3510,M
-63.44888564,-44.81981959,5,3510,M
-63.24071169,-44.53513103,5,3510,M
-63.35975569,-44.55587801,5,3510,M
-63.29765744,-44.51856202,5,3510,M
-63.46638298,-44.43275578,5,3510,M
-63.81281538,-44.42940648,5,3510,M
-63.59016636,-44.2944212,5,3510,M
-63.61889894,-44.11038529,5,3510,M
-63.39548971,-44.18910925,5,3510,M
-63.15258342,-44.00528174,5,3510,M
-60.8422785,-45.64059816,5,3510,M
-63.73490277,-44.22477579,5,3510,M
-63.75522165,-44.33911597,5,3510,M
-63.84253126,-44.55562169,5,3510,M
-63.82674319,-44.75302139,5,3510,M
-63.75049384,-44.91804589,5,3510,M
-64.29288022,-45.32808214,5,3510,M
-63.76650542,-45.22040089,5,3510,M
-63.53553821,-45.86930669,5,3510,M
-63.33550123,-46.24148013,5,3510,M
-63.27054746,-46.23085662,5,3510,M
-61.13495714,-46.90761679,5,3510,M
-60.95928041,-47.48624935,5,3510,M
-60.90063197,-47.46267432,5,3510,M
-60.71725774,-47.49936925,5,3510,M
-60.91171846,-47.47743982,5,3510,M
-60.97954566,-47.13324713,5,3510,M
-61.20991607,-47.54261273,5,3510,M
-61.10422635,-47.59235228,5,3510,M
-61.25934894,-47.47506741,5,3510,M
-61.76269986,-47.51463444,5,3510,M
-61.19440253,-48.66740947,5,3510,M
-61.72895559,-48.30977252,5,3510,M
-63.63043837,-47.10211331,5,3510,M
-63.8387753,-46.83265298,5,3510,M
-63.63361549,-46.76014482,5,3510,M
-63.73759741,-46.79197341,5,3510,M
-64.12374842,-46.65499333,5,3510,M
-64.14387058,-46.89198671,5,3510,M
-64.21460819,-46.61867987,5,3510,M
-64.56076457,-46.64199806,5,3510,M
-64.93876703,-46.40089187,5,3510,M
-65.30280938,-46.49671408,5,3510,M
-65.33028372,-46.17330182,5,3510,M
-64.72170529,-46.6300088,5,3510,M
-64.13420571,-47.10447533,6,3510,M
-64.50305786,-46.72657952,6,3510,M
-64.69555714,-46.71170935,6,3510,M
-64.63672047,-46.76693873,6,3510,M
-64.57633513,-46.40659616,6,3510,M
-64.62584832,-46.61696013,6,3510,M
-64.84779482,-46.65439142,6,3510,M
-65.09678969,-46.55165625,6,3510,M
-64.95197162,-46.48318863,6,3510,M
-64.82677654,-46.50496284,6,3510,M
-64.93701393,-46.54006873,6,3510,M
-64.98060442,-46.33818817,6,3510,M
-64.93532486,-46.42607289,6,3510,M
-65.2643391,-46.40533418,6,3510,M
-66.95809418,-46.36997225,6,3510,M
-66.47686162,-46.42705177,6,3510,M
-66.36445691,-46.42110202,6,3510,M
-66.38207945,-46.44863305,6,3510,M
-66.17165418,-46.40575952,6,3510,M
-66.1078277,-46.28288395,6,3510,M
-65.8483101,-46.42516678,6,3510,M
-65.55873463,-46.39873208,6,3510,M
-65.71990094,-46.31721296,6,3510,M
-65.48707107,-46.3479249,6,3510,M
-65.60024041,-46.238944,6,3510,M
-65.58995914,-46.19742744,6,3510,M
-65.81589344,-46.41620567,6,3510,M
-64.69981098,-47.05787256,6,3510,M
-64.60459595,-46.59253768,6,3510,M
-62.22999567,-46.20666193,6,3510,M
-62.35876532,-46.66075085,6,3510,M
-64.4447728,-46.3156747,6,3510,M
-64.3547964,-46.02501707,6,3510,M
-64.49597562,-46.02483368,6,3510,M
-64.61100378,-46.11418295,6,3510,M
-64.501886,-46.0674107,6,3510,M
-64.59126911,-46.10278119,6,3510,M
-64.7439768,-46.09155484,6,3510,M
-64.50261118,-46.04019155,6,3510,M
-64.58077286,-46.12834702,6,3510,M
-64.59724223,-46.00843026,6,3510,M
-64.60375181,-46.01973652,6,3510,M
-64.92815363,-45.40815787,6,3510,M
-64.67278296,-44.33885688,6,3510,M
-64.78034742,-44.35827821,6,3510,M
-64.60042041,-44.57522384,6,3510,M
-64.19898255,-44.16224096,6,3510,M
-64.483662,-44.26526094,6,3510,M
-64.76809429,-44.32514102,6,3510,M
-64.45332302,-44.26811455,6,3510,M
-64.28900333,-44.08297581,6,3510,M
-64.44214246,-44.04162374,6,3510,M
-66.66808468,-45.9368453,6,3510,M
-66.80285073,-46.29523771,6,3510,M
-64.04759775,-44.22098615,6,3510,M
-64.20474656,-44.19072123,6,3510,M
-64.40439638,-44.30653738,7,3510,M
-64.38604855,-44.23951885,7,3510,M
-64.47320804,-44.22526376,7,3510,M
-62.87513304,-44.3502242,7,3510,M
-63.27582008,-44.47667984,7,3510,M
-63.52150166,-44.59925003,7,3510,M
-63.98536612,-44.42940339,7,3510,M
-65.54553184,-45.97966283,7,3510,M
-64.99109473,-45.31904729,7,3510,M
-64.89692335,-45.30291648,7,3510,M
-64.77405115,-45.25765147,7,3510,M
-64.9695866,-45.34464939,7,3510,M
-65.16270768,-45.34933971,7,3510,M
-65.10878555,-45.18710509,7,3510,M
-65.09206632,-45.10989807,7,3510,M
-65.07902086,-45.22246383,7,3510,M
-64.98844717,-45.11564017,7,3510,M
-65.10201308,-45.58485577,7,3510,M
-64.57078242,-44.75254438,7,3510,M
-64.54674671,-44.81949513,7,3510,M
-64.64590585,-44.61536083,7,3510,M
-64.62977503,-44.67222767,7,3510,M
-64.62814272,-44.48141472,7,3510,M
-64.74297097,-44.59415818,7,3510,M
-64.62803407,-44.43407094,7,3510,M
-64.51987032,-44.16396754,7,3510,M
-64.6409974,-44.33288893,7,3510,M
-64.57735523,-44.34259184,7,3510,M
-64.39551874,-44.13355481,7,3510,M
-64.41058355,-44.17703548,7,3510,M
-64.44626602,-44.19546642,7,3510,M
-64.64164882,-44.20708244,7,3510,M
-64.8358718,-44.06117879,7,3510,M
-64.70350502,-43.93016956,7,3510,M
-64.79098906,-44.11796787,7,3510,M
-64.91004821,-44.19888522,7,3510,M
-64.80956717,-44.08155026,7,3510,M
-64.67293252,-44.12448973,7,3510,M
-64.66205195,-44.27874107,7,3510,M
-64.65995961,-44.23042739,7,3510,M
-64.62936661,-44.12145865,7,3510,M
-64.72739921,-44.05057801,7,3510,M
-64.67239718,-44.04774691,7,3510,M
-64.58336425,-44.09757568,7,3510,M
-64.45123613,-43.93625924,7,3510,M
-64.78691158,-43.95648652,7,3510,M
-64.69207855,-43.90725998,7,3510,M
-64.78287355,-44.04631055,7,3510,M
-64.90014044,-44.1096103,7,3510,M
-65.44829429,-45.1513127,7,3510,M
-65.29952336,-45.06835363,7,3510,M
-64.40140712,-43.51487778,7,3510,M
-64.478601,-42.8513959,7,3510,M
-64.52255486,-42.65194265,7,3510,M
-64.28309583,-42.71632324,7,3510,M
-63.5822886,-42.86675371,7,3510,M
-63.50724194,-42.74661613,7,3510,M
-63.53698803,-42.68599375,8,3510,M
-63.69844328,-42.8535618,8,3510,M
-63.55878202,-42.80730096,8,3510,M
-63.29851544,-42.8402247,8,3510,M
-64.02019391,-42.96440754,8,3510,M
-63.97693775,-43.11286337,8,3510,M
-62.58487635,-42.15118721,8,3510,M
-63.2568657,-41.695272,8,3510,M
-63.26978126,-41.97117818,8,3510,M
-63.77771745,-41.71753845,8,3510,M
-63.39477599,-41.56105864,8,3510,M
-62.89933765,-41.70141331,8,3510,M
-62.78979205,-41.54800797,8,3510,M
-62.77363242,-41.95887112,8,3510,M
-62.6718331,-41.96341885,8,3510,M
-62.5891112,-41.88524271,8,3510,M
-62.67354059,-41.75701907,8,3510,M
-62.7987692,-41.84609267,8,3510,M
-62.54269916,-41.82745149,8,3510,M
-62.73876984,-41.86292086,8,3510,M
-62.71131939,-41.86595496,8,3510,M
-62.70075295,-41.77376468,8,3510,M
-62.67609079,-41.73420643,8,3510,M
-62.68645857,-41.78738452,8,3510,M
-62.51222946,-41.8744338,8,3510,M
-62.68943153,-41.8869712,8,3510,M
-62.38379126,-41.94533304,8,3510,M
-62.31379708,-41.93910341,8,3510,M
-62.46064123,-41.76278125,8,3510,M
-62.50820082,-41.85766739,8,3510,M
-62.40481691,-41.9370568,8,3510,M
-62.33563419,-41.70331151,8,3510,M
-62.25500219,-41.83179033,8,3510,M
-62.29267416,-41.88559956,8,3510,M
-62.53647971,-42.08338875,8,3510,M
-62.43183798,-42.2418006,8,3510,M
-62.37014728,-42.16945565,8,3510,M
-62.15564069,-42.15781925,8,3510,M
-62.29279416,-42.34061848,8,3510,M
-61.93313004,-42.58981219,8,3510,M
-62.73969936,-42.47016456,8,3510,M
-62.21476541,-42.64086916,8,3510,M
-62.44872694,-42.73468671,8,3510,M
-62.75277541,-42.37720885,8,3510,M
-62.68880276,-42.53128559,8,3510,M
-62.60089087,-42.64136287,8,3510,M
-62.67009313,-42.5459581,8,3510,M
-62.04869916,-42.7311776,8,3510,M
-62.31534151,-42.56793873,8,3510,M
-62.55546247,-42.64305652,8,3510,M
-62.2190153,-42.80410872,8,3510,M
-62.13844982,-42.67981096,8,3510,M
-62.13254376,-44.06213533,8,3510,M
-64.59442806,-44.25059283,8,3510,M
-64.75769661,-45.32074375,8,3510,M
-64.15956414,-46.04778556,8,3510,M
-64.29829612,-46.05421898,8,3510,M
-64.4133072,-46.05280265,8,3510,M
-64.1894699,-46.16156114,8,3510,M
-64.27358467,-46.00175537,8,3510,M
-64.13071941,-46.38477738,8,3510,M
-64.07196701,-46.27020198,8,3510,M
-64.93746094,-46.6686044,9,3510,M
-65.68327067,-46.88808646,9,3510,M
-65.23416608,-46.84177144,9,3510,M
-65.20616026,-47.1482586,9,3510,M
-65.5173021,-47.42249908,9,3510,M
-65.36608474,-47.91136658,9,3510,M
-65.18333923,-47.85887824,9,3510,M
-65.51920971,-47.88198973,9,3510,M
-65.51708519,-47.73119281,9,3510,M
-65.13167244,-47.56243886,9,3510,M
-65.62843634,-47.83490936,9,3510,M
-65.51643488,-47.89739364,9,3510,M
-64.93143814,-45.96168298,9,3510,M
-65.32784312,-52.95812595,3,3514,F
-65.01773408,-53.20134717,4,3514,F
-66.43324624,-52.0969463,4,3514,F
-66.66681346,-52.57877108,4,3514,F
-66.36080599,-52.69129336,4,3514,F
-67.55137135,-52.41292743,4,3514,F
-67.98121855,-52.13287708,4,3514,F
-67.50155638,-52.4494682,4,3514,F
-67.34047191,-51.61028047,4,3514,F
-67.76842308,-51.85967675,4,3514,F
-67.87728078,-51.91311274,4,3514,F
-68.01114294,-51.70878265,4,3514,F
-66.85512385,-51.77134858,4,3514,F
-67.86624545,-52.25114268,4,3514,F
-66.97157147,-52.46742208,4,3514,F
-67.17761311,-52.45421273,4,3514,F
-67.18833341,-52.17424253,4,3514,F
-66.86602738,-52.01707061,4,3514,F
-67.23385247,-52.23308203,4,3514,F
-67.39252713,-52.37954602,4,3514,F
-67.5106704,-52.25897089,4,3514,F
-67.42868743,-52.15160317,4,3514,F
-67.70112746,-52.15251517,4,3514,F
-67.87957077,-52.17902169,4,3514,F
-67.56524039,-52.18329506,4,3514,F
-67.99336558,-52.02237302,4,3514,F
-67.78738151,-51.56532577,4,3514,F
-67.45049699,-51.65100889,4,3514,F
-67.87564085,-51.69846347,4,3514,F
-67.72897852,-51.69124272,4,3514,F
-67.68814148,-51.96219919,4,3514,F
-67.21894575,-51.40557851,4,3514,F
-67.07104029,-51.40181567,4,3514,F
-67.23533799,-51.356063,4,3514,F
-67.02168123,-51.57547965,4,3514,F
-66.82302283,-50.7649216,4,3514,F
-65.97826493,-50.46313821,4,3514,F
-65.68262681,-50.50888327,5,3514,F
-65.49490664,-50.2650565,5,3514,F
-65.68138634,-50.72395879,5,3514,F
-65.639301,-50.3591939,5,3514,F
-65.31352423,-50.49913469,5,3514,F
-65.4428042,-50.60716442,5,3514,F
-65.50380337,-50.38305868,5,3514,F
-65.20713625,-50.5254861,5,3514,F
-64.90232831,-49.80629607,5,3514,F
-64.04255924,-49.18132384,5,3514,F
-63.94968467,-49.15281146,5,3514,F
-64.16461873,-48.99984263,5,3514,F
-64.48994456,-49.31769195,5,3514,F
-63.36268476,-48.80584152,5,3514,F
-63.64543587,-48.65650772,5,3514,F
-63.63614038,-48.64269248,5,3514,F
-63.54497611,-48.66286319,5,3514,F
-63.07965682,-48.71035113,5,3514,F
-62.99786759,-49.37116647,5,3514,F
-61.53901664,-49.63306188,5,3514,F
-62.04255271,-49.4500123,5,3514,F
-62.07722262,-49.38562729,5,3514,F
-61.8774685,-49.39940891,5,3514,F
-61.88695756,-49.17084387,5,3514,F
-61.48926779,-48.87698316,5,3514,F
-61.66605375,-48.73082444,5,3514,F
-61.72406478,-48.70689512,5,3514,F
-61.87855658,-48.79930341,5,3514,F
-62.05942113,-48.74193681,5,3514,F
-62.04285789,-48.84307565,5,3514,F
-62.00082191,-48.82976982,5,3514,F
-61.8997626,-48.65999994,5,3514,F
-61.85062776,-48.73388332,5,3514,F
-62.13460531,-48.64153234,5,3514,F
-62.0926405,-48.68355916,5,3514,F
-62.21873813,-48.76225219,5,3514,F
-62.29327166,-48.82545499,5,3514,F
-62.29348133,-48.62513012,5,3514,F
-62.06617657,-48.79536443,5,3514,F
-62.27832491,-48.77059601,5,3514,F
-62.41613206,-48.96760494,5,3514,F
-62.20626436,-48.86061327,5,3514,F
-62.0303142,-49.1809514,5,3514,F
-61.8890147,-49.27959822,5,3514,F
-61.65129267,-49.02609747,5,3514,F
-61.56639193,-49.4032525,5,3514,F
-62.21891515,-48.31151235,5,3514,F
-61.96094602,-48.27441619,5,3514,F
-61.82510735,-48.4247085,5,3514,F
-61.93430084,-48.30333029,5,3514,F
-61.7679616,-48.3235882,5,3514,F
-61.96343389,-48.1904403,5,3514,F
-61.9502553,-48.14027359,5,3514,F
-62.03305658,-48.25558987,5,3514,F
-61.96467861,-48.05117032,5,3514,F
-62.0111252,-48.11190061,5,3514,F
-61.91008701,-48.02182964,5,3514,F
-62.13871611,-48.00570266,5,3514,F
-62.08588916,-47.09274985,5,3514,F
-62.1045309,-46.12191489,5,3514,F
-61.71495244,-45.6568174,5,3514,F
-61.77191285,-45.68417022,5,3514,F
-61.51885234,-45.92561373,6,3514,F
-61.50257491,-45.96820592,6,3514,F
-61.43773168,-46.04606745,6,3514,F
-61.4791929,-46.03777577,6,3514,F
-61.27543502,-46.0992575,6,3514,F
-61.67791862,-46.2435274,6,3514,F
-61.51986281,-46.15147141,6,3514,F
-61.59784499,-46.21268723,6,3514,F
-61.6613295,-46.20642116,6,3514,F
-61.36982194,-45.99630709,6,3514,F
-61.40536485,-46.21805215,6,3514,F
-61.43227806,-46.04308021,6,3514,F
-61.48936838,-45.64912453,6,3514,F
-62.12159235,-43.59567585,6,3514,F
-60.83044913,-45.9692129,6,3514,F
-60.83258275,-46.170569,6,3514,F
-60.85166842,-46.18662104,6,3514,F
-61.02936626,-46.30759518,6,3514,F
-61.07682794,-46.11861978,6,3514,F
-60.87272445,-45.96615337,6,3514,F
-61.25960096,-46.065347,6,3514,F
-61.04802411,-46.09843795,6,3514,F
-61.21348594,-46.01151524,6,3514,F
-61.13111987,-46.03437824,6,3514,F
-61.05486205,-46.00541624,6,3514,F
-61.29383302,-46.13666208,6,3514,F
-62.00966436,-45.52259572,6,3514,F
-62.00345852,-45.25619116,6,3514,F
-62.25769009,-44.89894517,6,3514,F
-62.36325824,-44.94488463,6,3514,F
-62.62217912,-45.19043665,6,3514,F
-62.20305998,-45.02730847,6,3514,F
-62.0401515,-44.99854488,6,3514,F
-62.28396959,-45.2324719,6,3514,F
-62.07774628,-45.25696597,6,3514,F
-62.15456378,-45.07983442,6,3514,F
-62.09279252,-45.07545081,6,3514,F
-62.38612103,-44.9761211,6,3514,F
-62.19085788,-45.02287489,6,3514,F
-62.06488112,-45.1500585,6,3514,F
-62.22327244,-45.0352609,6,3514,F
-62.0925623,-45.06397623,6,3514,F
-62.26537907,-44.85323593,6,3514,F
-62.5157788,-45.03326769,6,3514,F
-62.43108289,-44.80286667,6,3514,F
-62.21554583,-44.92782287,6,3514,F
-62.57234729,-43.62307975,6,3514,F
-62.12472797,-43.32590613,6,3514,F
-62.30465773,-43.24206717,6,3514,F
-62.44906004,-43.23581432,6,3514,F
-62.4437888,-43.41206845,6,3514,F
-61.8519998,-43.06900735,6,3514,F
-61.8469433,-42.69581114,6,3514,F
-61.84583678,-43.1197507,6,3514,F
-61.72588844,-43.34976139,6,3514,F
-61.87228161,-43.62464857,6,3514,F
-61.90532698,-43.45832655,6,3514,F
-61.9771396,-43.50490751,6,3514,F
-61.90703707,-43.47971666,6,3514,F
-61.8373983,-43.54817991,6,3514,F
-62.10336018,-43.40442847,7,3514,F
-62.56187106,-43.78316538,7,3514,F
-62.48053522,-44.05539157,7,3514,F
-62.4336764,-43.90847783,7,3514,F
-62.36032416,-44.01450927,7,3514,F
-62.19771029,-44.23007487,7,3514,F
-63.16277254,-45.12082644,7,3514,F
-63.22770395,-45.43989783,7,3514,F
-63.2601362,-45.33262621,7,3514,F
-63.09723226,-45.21235765,7,3514,F
-63.19279727,-45.38418174,7,3514,F
-63.28536787,-45.37559821,7,3514,F
-63.11930105,-45.21354771,7,3514,F
-63.3099401,-45.62221365,7,3514,F
-63.23947634,-45.41727828,7,3514,F
-63.21205022,-45.58800321,7,3514,F
-63.43851967,-45.73221305,7,3514,F
-63.31364906,-45.69067034,7,3514,F
-63.14201911,-45.82529248,7,3514,F
-63.2870098,-45.88643187,7,3514,F
-63.53129919,-45.863859,7,3514,F
-63.47164659,-46.03992898,7,3514,F
-64.12234645,-47.50485429,7,3514,F
-65.01204309,-48.60731866,7,3514,F
-65.11849067,-48.61474773,7,3514,F
-64.83243219,-48.65379924,7,3514,F
-64.9226454,-48.52657232,7,3514,F
-65.13699376,-48.42809361,7,3514,F
-64.96659876,-48.52771653,7,3514,F
-64.98380064,-48.55009556,7,3514,F
-64.78780218,-48.49988743,7,3514,F
-64.80331981,-48.56430341,7,3514,F
-64.99893808,-48.4638918,7,3514,F
-64.92518867,-48.65350696,7,3514,F
-64.93528158,-48.48977788,7,3514,F
-65.06395318,-48.41365831,7,3514,F
-65.98235,-50.02577797,7,3514,F
-65.89694599,-51.03793854,7,3514,F
-66.43486165,-51.93646506,7,3514,F
-66.73485308,-52.35240361,7,3514,F
-66.69747204,-52.31973266,7,3514,F
-66.64811616,-52.36174893,7,3514,F
-66.51716366,-52.34503629,7,3514,F
-66.28966852,-52.25445923,7,3514,F
-66.29893596,-52.26853844,7,3514,F
-66.47738475,-52.30886308,7,3514,F
-66.2818845,-52.08079199,7,3514,F
-66.23561137,-52.28045392,7,3514,F
-66.0954712,-52.30695881,7,3514,F
-66.13260728,-52.45327919,7,3514,F
-66.10403779,-52.42403004,7,3514,F
-66.16009345,-52.34826365,7,3514,F
-66.13328294,-52.41534145,7,3514,F
-66.3509102,-52.14564063,7,3514,F
-66.25475218,-52.28692527,7,3514,F
-66.17832499,-52.34655574,7,3514,F
-66.17755008,-52.46993359,7,3514,F
-65.95337856,-52.36473179,7,3514,F
-65.98763256,-52.51180716,7,3514,F
-66.05422039,-52.51256063,7,3514,F
-66.22036936,-52.3121745,7,3514,F
-66.07261048,-52.53958756,7,3514,F
-66.16641758,-52.35354462,8,3514,F
-66.36173061,-52.56859392,8,3514,F
-66.23660036,-52.48347879,8,3514,F
-66.10540182,-52.39358614,8,3514,F
-66.2195082,-52.47353474,8,3514,F
-66.03277358,-52.4523586,8,3514,F
-66.1965798,-52.43657795,8,3514,F
-65.96055647,-52.5141617,8,3514,F
-66.14224966,-52.59315326,8,3514,F
-65.91078061,-52.39957662,8,3514,F
-66.0197322,-52.45399852,8,3514,F
-66.00761531,-52.47113893,8,3514,F
-65.98923149,-52.45801501,8,3514,F
-66.19582558,-52.56332773,8,3514,F
-66.04827267,-52.59365444,8,3514,F
-66.28771479,-52.47339438,8,3514,F
-66.33458608,-52.61194079,8,3514,F
-66.21447663,-52.5945722,8,3514,F
-66.21332586,-52.46428869,8,3514,F
-66.01495614,-52.44972014,8,3514,F
-66.16273512,-52.57446366,8,3514,F
-66.26503122,-52.64512208,8,3514,F
-66.08230448,-52.59019909,8,3514,F
-66.17160132,-52.57988249,8,3514,F
-66.38940491,-53.03488225,8,3514,F
-66.11147212,-52.94535287,8,3514,F
-66.21989601,-53.06082458,8,3514,F
-65.82149076,-53.0043843,8,3514,F
-66.19456541,-52.98271019,8,3514,F
-66.18110704,-52.94770018,8,3514,F
-66.255799,-53.04023229,8,3514,F
-66.06247222,-53.07037052,8,3514,F
-66.21611358,-52.99214572,8,3514,F
-66.51818314,-53.20722118,8,3514,F
-66.30733949,-53.48510338,8,3514,F
-65.68411818,-54.20060337,8,3514,F
-64.58793303,-54.75453872,8,3514,F
-65.36030794,-54.96328682,8,3514,F
-65.41435055,-54.74330716,8,3514,F
-65.48893061,-54.80628433,8,3514,F
-65.24563219,-54.72280328,8,3514,F
-65.33635493,-54.6527607,8,3514,F
-65.34894937,-54.60134986,8,3514,F
-65.36249825,-54.67311756,8,3514,F
-65.39400989,-54.57668857,8,3514,F
-65.29563257,-54.33449391,8,3514,F
-65.38438415,-54.54828787,8,3514,F
-65.43277634,-54.46773587,8,3514,F
-65.20171414,-54.64811328,8,3514,F
-64.3355262,-54.0985751,8,3514,F
-64.70525038,-52.90600641,8,3514,F
-64.37396915,-52.96327432,8,3514,F
-64.46237962,-52.73379453,8,3514,F
-64.39223937,-53.15617637,8,3514,F
-64.52584283,-53.16009253,8,3514,F
-64.28149943,-52.95886582,8,3514,F
-64.68383892,-53.18108485,8,3514,F
-64.65754239,-53.30607745,8,3514,F
-64.6260173,-53.28928276,8,3514,F
-64.87515458,-53.24444869,8,3514,F
-64.7776347,-53.03980552,8,3514,F
-64.67185866,-53.17252412,9,3514,F
-64.84207236,-53.31632196,9,3514,F
-65.14660623,-53.10847701,9,3514,F
-65.30606029,-53.2626791,9,3514,F
-65.46812602,-53.23574411,9,3514,F
-65.37450129,-53.18653448,9,3514,F
-65.20344415,-53.21269397,9,3514,F
-65.38000789,-53.11538105,9,3514,F
-65.35012571,-53.18082704,9,3514,F
-65.23532373,-53.07716861,9,3514,F
-66.4520163,-53.46256194,9,3514,F
-66.85243462,-53.23483665,9,3514,F
-66.81857004,-53.21616958,9,3514,F
-66.79841074,-53.45669626,9,3514,F
-66.74323271,-53.36444147,9,3514,F
-66.89224091,-53.19458264,9,3514,F
-65.19374339,-54.04053007,9,3514,F
-65.02245283,-53.01169792,9,3514,F
-64.76735686,-52.59727161,9,3514,F
-65.16550612,-53.11338885,9,3514,F
-64.17291557,-53.00678798,9,3514,F
-64.06585789,-53.39830852,9,3514,F
-64.81689181,-53.73830095,9,3514,F
-63.83673796,-52.6017839,9,3514,F
-62.63680378,-51.83410695,9,3514,F
-63.51422127,-53.02439776,9,3514,F
-64.76490991,-53.10190413,9,3514,F
